epoch,train_loss,train_tok_acc,val_loss,val_tok_acc,val_seq_acc,val_tok_acc_decode,lr,tf_ratio,time
epoch,train_loss,train_tok_acc,val_loss,val_tok_acc,val_seq_acc,val_tok_acc_decode,lr,tf_ratio,time
epoch,train_loss,train_tok_acc,val_loss,val_tok_acc,val_seq_acc,val_tok_acc_decode,lr,tf_ratio,time
1,4.057160,0.163464,3.878415,0.103864,0.000000,0.057823,0.00008000,0.8000,416.2
2,3.311700,0.335254,4.210371,0.133299,0.000000,0.098435,0.00016000,0.7960,379.3
3,3.060484,0.397735,4.086361,0.147273,0.000000,0.118863,0.00024000,0.7920,365.5
4,2.887641,0.441525,4.089045,0.168969,0.002467,0.145483,0.00032000,0.7881,364.2
5,2.761144,0.472126,3.979211,0.188412,0.003289,0.164253,0.00040000,0.7841,789.0
6,2.647681,0.502236,3.844910,0.220781,0.004112,0.195310,0.00048000,0.7802,342.0
7,2.537123,0.532278,3.836713,0.232987,0.007401,0.203159,0.00056000,0.7763,377.8
8,2.460386,0.553287,3.586915,0.276678,0.011513,0.249086,0.00064000,0.7724,381.6
9,2.384282,0.574726,3.543809,0.290077,0.027138,0.269026,0.00072000,0.7686,348.5
10,2.332567,0.590185,3.344574,0.335786,0.034539,0.306762,0.00080000,0.7647,316.7
11,2.275510,0.607789,3.218892,0.363429,0.058388,0.336892,0.00079990,0.7609,291.4
12,2.216521,0.625991,3.225925,0.375450,0.069901,0.353615,0.00079960,0.7571,286.4
13,2.158389,0.643501,2.922408,0.406334,0.100329,0.373214,0.00079909,0.7533,296.2
14,2.111042,0.658365,2.767549,0.444606,0.134868,0.414851,0.00079839,0.7495,295.7
15,2.063225,0.669950,2.633623,0.484847,0.155428,0.462289,0.00079748,0.7458,292.1
16,2.025238,0.683810,2.650032,0.488017,0.168586,0.464629,0.00079638,0.7421,297.0
17,1.992590,0.692311,2.528302,0.511984,0.185855,0.491151,0.00079508,0.7383,295.2
18,1.960495,0.700396,2.315555,0.551270,0.222862,0.527473,0.00079357,0.7347,296.0
19,1.921207,0.712393,2.199725,0.566825,0.245066,0.545025,0.00079187,0.7310,291.5
20,1.895492,0.720197,2.185549,0.574308,0.260691,0.549266,0.00078997,0.7273,293.8
21,1.864068,0.729711,2.103082,0.589919,0.260691,0.569548,0.00078788,0.7237,297.5
22,1.845672,0.734947,2.042427,0.605548,0.280428,0.585101,0.00078559,0.7201,293.9
23,1.816439,0.742356,1.931356,0.625962,0.311678,0.602262,0.00078310,0.7165,294.0
24,1.798071,0.747940,1.868905,0.633260,0.315789,0.615718,0.00078042,0.7129,291.7
25,1.762639,0.759041,1.882955,0.639689,0.332237,0.622154,0.00077755,0.7093,286.3
26,1.750081,0.762508,1.754753,0.651865,0.328947,0.626103,0.00077449,0.7058,282.4
27,1.732451,0.767604,1.723198,0.663408,0.350329,0.645751,0.00077125,0.7022,288.0
28,1.715531,0.772713,1.762128,0.656233,0.350329,0.634148,0.00076781,0.6987,291.3
29,1.693031,0.779180,1.680299,0.676656,0.373355,0.656770,0.00076419,0.6952,281.7
30,1.674455,0.784218,1.640675,0.688555,0.401316,0.671347,0.00076039,0.6918,288.5
31,1.659137,0.788404,1.562376,0.703998,0.421875,0.686120,0.00075640,0.6883,287.3
32,1.646393,0.793087,1.482732,0.714228,0.430099,0.700453,0.00075224,0.6849,286.7
33,1.626958,0.796837,1.470699,0.717668,0.437500,0.701965,0.00074790,0.6814,288.1
34,1.621117,0.799372,1.501182,0.718540,0.441612,0.700063,0.00074338,0.6780,287.3
35,1.605475,0.803084,1.516199,0.717692,0.436678,0.702696,0.00073869,0.6746,284.3
36,1.584077,0.809610,1.487087,0.721175,0.447368,0.707084,0.00073383,0.6713,292.9
37,1.581156,0.809972,1.416989,0.729974,0.453125,0.716786,0.00072880,0.6679,297.6
38,1.560995,0.815899,1.403828,0.730944,0.459704,0.715957,0.00072361,0.6646,297.0
39,1.547951,0.818622,1.357070,0.744315,0.481908,0.731266,0.00071825,0.6613,295.1
40,1.542097,0.821436,1.355663,0.740755,0.478618,0.725854,0.00071273,0.6579,292.9
41,1.535095,0.822323,1.312325,0.749113,0.477796,0.737555,0.00070706,0.6547,287.7
42,1.518920,0.826574,1.320947,0.752001,0.500000,0.737068,0.00070123,0.6514,278.6
43,1.514199,0.828591,1.342346,0.749771,0.506579,0.738384,0.00069525,0.6481,276.7
44,1.509198,0.829055,1.319137,0.749276,0.492599,0.734679,0.00068912,0.6449,276.8
45,1.491424,0.833989,1.315978,0.758257,0.500822,0.747063,0.00068284,0.6417,277.2
46,1.486506,0.835295,1.315194,0.756396,0.514803,0.744284,0.00067643,0.6385,278.5
47,1.479563,0.837445,1.222745,0.769296,0.515625,0.757593,0.00066987,0.6353,278.4
48,1.467313,0.840798,1.285686,0.765524,0.520559,0.749500,0.00066318,0.6321,278.4
49,1.464948,0.841261,1.283475,0.756915,0.501645,0.745697,0.00065635,0.6289,276.3
50,1.450576,0.844500,1.281693,0.764641,0.516447,0.756131,0.00064940,0.6258,276.4
51,1.443881,0.846862,1.199131,0.776273,0.520559,0.765784,0.00064232,0.6227,277.2
52,1.426023,0.851375,1.142808,0.785341,0.533717,0.776559,0.00063511,0.6195,274.9
53,1.430113,0.850512,1.242091,0.771464,0.523026,0.759885,0.00062779,0.6164,273.7
54,1.426597,0.851264,1.219157,0.777622,0.534539,0.765053,0.00062036,0.6134,276.8
55,1.418806,0.853506,1.223100,0.774631,0.534539,0.762664,0.00061281,0.6103,274.4
56,1.404650,0.856845,1.216281,0.775498,0.532072,0.765004,0.00060516,0.6072,273.8
57,1.404944,0.857277,1.171655,0.786648,0.543586,0.776900,0.00059740,0.6042,276.5
58,1.394154,0.860130,1.170826,0.784028,0.555921,0.774024,0.00058955,0.6012,275.5
59,1.390038,0.860505,1.137723,0.787906,0.555099,0.777095,0.00058160,0.5982,280.1
60,1.375760,0.864391,1.128054,0.792796,0.562500,0.781727,0.00057355,0.5952,278.0
61,1.375767,0.864330,1.144239,0.789630,0.556743,0.775876,0.00056542,0.5922,279.2
62,1.363990,0.867459,1.126679,0.794111,0.564967,0.783287,0.00055721,0.5892,282.5
63,1.376440,0.864059,1.097348,0.796310,0.564145,0.787382,0.00054892,0.5863,277.1
64,1.360687,0.868384,1.110985,0.796126,0.569901,0.786310,0.00054055,0.5834,276.5
65,1.352699,0.870069,1.133604,0.792564,0.573191,0.784018,0.00053211,0.5805,278.6
66,1.345223,0.871314,1.076026,0.800975,0.578947,0.790746,0.00052361,0.5776,275.7
67,1.343407,0.872216,1.054347,0.804897,0.573191,0.794110,0.00051504,0.5747,274.6
68,1.325022,0.876965,1.112088,0.798704,0.574013,0.785871,0.00050641,0.5718,275.1
69,1.330694,0.874959,1.059669,0.806165,0.587171,0.798693,0.00049774,0.5689,273.6
70,1.317510,0.878916,1.039698,0.808887,0.574013,0.797913,0.00048901,0.5661,276.0
71,1.321767,0.877787,1.088487,0.802151,0.575658,0.792794,0.00048024,0.5633,279.4
72,1.310217,0.880744,1.050184,0.808038,0.586349,0.797475,0.00047142,0.5604,278.4
73,1.302816,0.882198,1.055732,0.805668,0.580592,0.799571,0.00046257,0.5576,277.1
74,1.298628,0.883908,1.050416,0.808115,0.591283,0.799961,0.00045369,0.5548,275.7
75,1.293322,0.884533,1.053096,0.809633,0.596217,0.798693,0.00044479,0.5521,276.8
76,1.293463,0.885352,1.042411,0.811633,0.599507,0.802740,0.00043586,0.5493,275.8
77,1.294411,0.885097,1.062307,0.807517,0.583882,0.795329,0.00042691,0.5466,277.5
78,1.290384,0.887193,1.069025,0.806676,0.592928,0.797670,0.00041795,0.5438,276.6
79,1.283679,0.888165,1.011572,0.812512,0.611020,0.802301,0.00040898,0.5411,276.4
80,1.270675,0.890220,1.073273,0.807031,0.610197,0.797231,0.00040000,0.5384,293.6
81,1.264064,0.893161,0.982342,0.821981,0.606908,0.813710,0.00039102,0.5357,312.0
82,1.262604,0.893804,1.028811,0.815394,0.600329,0.805860,0.00038205,0.5330,298.6
83,1.253829,0.895887,1.034977,0.814696,0.613487,0.807177,0.00037309,0.5304,301.5
84,1.259388,0.894964,0.966810,0.821866,0.615132,0.814051,0.00036414,0.5277,306.1
85,1.260456,0.895495,0.973512,0.824433,0.611842,0.815075,0.00035521,0.5251,304.2
86,1.245273,0.897622,0.983326,0.822489,0.599507,0.814197,0.00034631,0.5225,295.5
87,1.247482,0.897297,0.965101,0.824865,0.615954,0.816050,0.00033743,0.5198,296.4
88,1.245124,0.897935,0.944978,0.829738,0.630757,0.822047,0.00032858,0.5172,293.3
89,1.238872,0.899056,0.942893,0.827687,0.626645,0.820730,0.00031976,0.5147,293.6
90,1.236850,0.900817,0.962205,0.828220,0.621711,0.819902,0.00031099,0.5121,294.8
91,1.224350,0.904222,0.943236,0.828972,0.628289,0.819024,0.00030226,0.5095,296.1
92,1.233745,0.900464,0.937122,0.831420,0.631579,0.824143,0.00029359,0.5070,295.6
93,1.227058,0.903057,0.972802,0.825863,0.645559,0.819804,0.00028496,0.5044,296.2
94,1.210168,0.907810,0.977953,0.825925,0.634046,0.818049,0.00027639,0.5019,295.1
95,1.210588,0.907436,0.898170,0.837375,0.625000,0.830676,0.00026789,0.4994,292.8
96,1.212106,0.907774,0.908519,0.836812,0.635691,0.828239,0.00025945,0.4969,293.6
97,1.210454,0.907212,0.949344,0.831544,0.634046,0.825069,0.00025108,0.4944,291.8
98,1.203742,0.910623,0.913363,0.834635,0.632401,0.828677,0.00024279,0.4920,304.4
99,1.193498,0.912128,0.980148,0.825165,0.631579,0.816976,0.00023458,0.4895,312.9
100,1.194522,0.912112,0.948626,0.832053,0.634046,0.824289,0.00022645,0.4871,288.8
101,1.184287,0.914499,0.944319,0.833796,0.643914,0.826435,0.00021840,0.4846,279.8
102,1.185835,0.913654,0.932688,0.832410,0.633224,0.825703,0.00021045,0.4822,278.1
103,1.186404,0.913335,0.928910,0.835389,0.642270,0.828531,0.00020260,0.4798,277.3
104,1.178106,0.916197,0.920218,0.836006,0.639803,0.828434,0.00019484,0.4774,277.8
105,1.166793,0.919619,0.894395,0.841027,0.639803,0.833845,0.00018719,0.4750,280.1
106,1.182187,0.915898,0.944813,0.833029,0.652138,0.825216,0.00017964,0.4726,274.5
107,1.170197,0.918758,0.900513,0.841227,0.639803,0.833553,0.00017221,0.4703,274.5
108,1.161257,0.920645,0.915696,0.837413,0.643914,0.829311,0.00016489,0.4679,279.7
109,1.151499,0.922911,0.899986,0.839737,0.655428,0.832431,0.00015768,0.4656,317.5
110,1.158983,0.921772,0.881829,0.844427,0.656250,0.838038,0.00015060,0.4632,300.5
111,1.154024,0.922578,0.953148,0.831116,0.649671,0.824387,0.00014365,0.4609,292.8
112,1.154858,0.922266,0.927407,0.836164,0.647204,0.828580,0.00013682,0.4586,304.2
113,1.152818,0.923026,0.892698,0.841796,0.645559,0.834430,0.00013013,0.4563,326.9
114,1.149180,0.924008,0.909125,0.842537,0.660362,0.836380,0.00012357,0.4540,312.2
115,1.137352,0.926745,0.914355,0.840529,0.651316,0.833406,0.00011716,0.4518,310.7
116,1.139223,0.926482,0.879513,0.845621,0.661184,0.839062,0.00011088,0.4495,312.0
117,1.140583,0.926434,0.939503,0.835605,0.657895,0.827848,0.00010475,0.4473,311.1
118,1.140377,0.926862,0.903391,0.841967,0.658717,0.834138,0.00009877,0.4450,315.4
119,1.128643,0.929443,0.893811,0.843378,0.668586,0.835649,0.00009294,0.4428,313.6
120,1.141664,0.925423,0.884216,0.846906,0.667763,0.838477,0.00008727,0.4406,313.1
121,1.128460,0.929582,0.889147,0.843588,0.666118,0.835893,0.00008175,0.4384,310.3
122,1.126874,0.930211,0.875681,0.845886,0.666941,0.839940,0.00007639,0.4362,309.9
123,1.125874,0.930820,0.909043,0.841795,0.666941,0.834528,0.00007120,0.4340,311.0
124,1.130149,0.929525,0.882240,0.845765,0.666941,0.839013,0.00006617,0.4318,313.8
125,1.119113,0.931722,0.893441,0.845767,0.671875,0.838477,0.00006131,0.4297,313.1
126,1.114438,0.933824,0.878725,0.847286,0.666118,0.839745,0.00005662,0.4275,312.6
127,1.115825,0.933070,0.877639,0.846581,0.670230,0.839696,0.00005210,0.4254,309.5
128,1.127215,0.929728,0.864026,0.847751,0.668586,0.839988,0.00004776,0.4233,312.7
129,1.114354,0.932887,0.879815,0.846757,0.664474,0.839403,0.00004360,0.4212,309.3
130,1.111305,0.933818,0.869115,0.848568,0.672697,0.841402,0.00003961,0.4191,312.6
131,1.108227,0.934372,0.867022,0.849860,0.671053,0.842962,0.00003581,0.4170,312.4
132,1.117000,0.932401,0.865838,0.847786,0.671053,0.839696,0.00003219,0.4149,312.8
133,1.117454,0.931856,0.869156,0.847733,0.670230,0.840427,0.00002875,0.4128,293.5
134,1.112187,0.934360,0.870194,0.847990,0.673520,0.840768,0.00002551,0.4107,287.0
135,1.113170,0.934026,0.875865,0.846736,0.671875,0.839111,0.00002245,0.4087,287.1
136,1.112048,0.934257,0.858748,0.850501,0.675164,0.843450,0.00001958,0.4066,287.4
137,1.104727,0.936019,0.883375,0.846775,0.668586,0.837941,0.00001690,0.4046,286.2
138,1.103821,0.936471,0.879392,0.847177,0.674342,0.839891,0.00001441,0.4026,286.4
139,1.107281,0.935575,0.856155,0.850988,0.675164,0.843986,0.00001212,0.4006,286.5
140,1.110920,0.934837,0.864658,0.848468,0.675987,0.841402,0.00001003,0.4000,287.2
141,1.107806,0.934522,0.866054,0.849470,0.680921,0.842036,0.00000813,0.4000,291.2
142,1.110264,0.935571,0.862819,0.849875,0.678454,0.842280,0.00000643,0.4000,289.5
143,1.106476,0.935876,0.875655,0.848085,0.677632,0.840915,0.00000492,0.4000,290.3
144,1.102457,0.936365,0.880401,0.846830,0.677632,0.839159,0.00000362,0.4000,288.1
145,1.106837,0.935895,0.872257,0.848925,0.678454,0.840768,0.00000252,0.4000,290.5
146,1.108278,0.935099,0.875343,0.848833,0.683388,0.840768,0.00000161,0.4000,291.6
147,1.114502,0.933635,0.873531,0.848777,0.683388,0.841256,0.00000100,0.4000,291.0
148,1.108637,0.934843,0.871352,0.848705,0.681743,0.841207,0.00000100,0.4000,287.3
149,1.103097,0.936791,0.857902,0.851117,0.679276,0.843596,0.00000100,0.4000,281.0
150,1.105565,0.935864,0.859835,0.850468,0.676809,0.843352,0.00000100,0.4000,278.7
151,1.203135,0.908765,0.896512,0.837881,0.638980,0.830530,0.00041733,0.4000,336.0
152,1.179558,0.917687,0.974357,0.826387,0.621711,0.818146,0.00041300,0.4000,339.6
153,1.255670,0.894485,0.957631,0.828446,0.633224,0.818878,0.00040867,0.4000,277.1
154,1.261339,0.894441,0.928678,0.831366,0.635691,0.822583,0.00040433,0.4000,284.3
155,1.254053,0.896062,0.891272,0.836740,0.638158,0.828287,0.00040000,0.4000,281.8
156,1.261920,0.892123,0.882536,0.838087,0.638158,0.831700,0.00039567,0.4000,280.2
157,1.252360,0.896000,0.949869,0.825407,0.648026,0.816537,0.00039133,0.4000,283.9
158,1.258768,0.894853,0.865426,0.842644,0.638158,0.834382,0.00038700,0.4000,274.5
159,1.256097,0.895574,0.904095,0.836450,0.636513,0.829799,0.00038267,0.4000,276.3
160,1.244939,0.896996,0.958029,0.826787,0.639803,0.818926,0.00037834,0.4000,276.7
161,1.238170,0.900109,0.920116,0.834326,0.632401,0.827507,0.00037402,0.4000,278.6
162,1.236911,0.899944,0.915766,0.832902,0.632401,0.823217,0.00036970,0.4000,280.1
163,1.243275,0.897690,0.940470,0.829828,0.647204,0.820535,0.00036538,0.4000,278.9
164,1.234419,0.900047,0.898819,0.834968,0.638980,0.826288,0.00036106,0.4000,278.5
epoch,train_loss,train_tok_acc,val_loss,val_tok_acc,val_seq_acc,val_tok_acc_decode,lr,tf_ratio,time
1,4.057749,0.163209,3.825735,0.101600,0.000000,0.054556,0.00008000,0.8000,335.5
2,3.313401,0.333682,4.054634,0.134500,0.000000,0.087368,0.00016000,0.7960,278.5
3,3.061833,0.397100,4.132933,0.149486,0.000000,0.118912,0.00024000,0.7920,274.0
4,2.888068,0.440480,4.185567,0.164081,0.002467,0.145824,0.00032000,0.7881,273.2
5,2.765145,0.470221,4.007687,0.191950,0.004112,0.169714,0.00040000,0.7841,274.8
6,2.642911,0.503436,4.019557,0.214541,0.005757,0.193311,0.00048000,0.7802,276.0
7,2.545567,0.529538,3.802658,0.241545,0.008224,0.207986,0.00056000,0.7763,263.0
8,2.464786,0.551445,3.801313,0.258517,0.011513,0.236507,0.00064000,0.7724,274.1
9,2.390867,0.574341,3.422587,0.296862,0.022204,0.266930,0.00072000,0.7686,271.8
10,2.344982,0.588201,3.418995,0.315331,0.027961,0.285359,0.00080000,0.7647,275.1
11,2.289143,0.605020,3.203479,0.356669,0.055921,0.323192,0.00079993,0.7609,271.0
12,2.227141,0.623393,3.244263,0.361127,0.060855,0.333870,0.00079973,0.7571,269.4
13,2.179305,0.637766,3.189033,0.372910,0.082237,0.341719,0.00079939,0.7533,273.7
14,2.133007,0.651911,2.859615,0.425516,0.114309,0.392521,0.00079891,0.7495,273.1
15,2.075746,0.666879,2.793231,0.457882,0.145559,0.434011,0.00079829,0.7458,269.1
16,2.047162,0.676611,2.668018,0.483392,0.148026,0.461947,0.00079754,0.7421,275.7
17,2.013735,0.685692,2.582565,0.501408,0.186678,0.482863,0.00079666,0.7383,273.2
18,1.976829,0.696510,2.441492,0.518505,0.199013,0.494905,0.00079564,0.7347,272.3
19,1.949918,0.704050,2.287084,0.551446,0.225329,0.529618,0.00079448,0.7310,274.7
20,1.917607,0.714780,2.273004,0.554591,0.231908,0.528351,0.00079319,0.7273,270.7
21,1.889028,0.722038,2.239084,0.576091,0.255757,0.557457,0.00079176,0.7237,270.5
22,1.867682,0.727923,2.173432,0.577650,0.265625,0.555702,0.00079020,0.7201,273.1
23,1.841158,0.736153,2.116652,0.594967,0.292763,0.569987,0.00078851,0.7165,271.9
24,1.822685,0.740718,2.006614,0.612303,0.319079,0.591146,0.00078669,0.7129,277.2
25,1.786833,0.751290,1.943157,0.628254,0.324013,0.610745,0.00078473,0.7093,274.7
26,1.772267,0.755423,1.932649,0.626296,0.314145,0.607918,0.00078264,0.7058,269.4
27,1.750014,0.762168,1.869241,0.635539,0.342105,0.616693,0.00078042,0.7022,276.1
28,1.735412,0.765327,1.730621,0.660332,0.342105,0.641656,0.00077807,0.6987,274.7
29,1.723506,0.770158,1.733380,0.665827,0.370066,0.645849,0.00077560,0.6952,272.7
30,1.691408,0.778034,1.658321,0.683544,0.379934,0.665935,0.00077299,0.6918,275.0
31,1.680971,0.781269,1.643738,0.685407,0.388980,0.670128,0.00077026,0.6883,271.5
32,1.659810,0.788251,1.618020,0.688735,0.402961,0.672030,0.00076739,0.6849,275.0
33,1.653006,0.789068,1.640307,0.690565,0.400493,0.675247,0.00076441,0.6814,272.6
34,1.630475,0.795296,1.580081,0.698865,0.412829,0.682561,0.00076130,0.6780,272.7
35,1.617756,0.799882,1.498196,0.712854,0.424342,0.698698,0.00075807,0.6746,275.6
36,1.604756,0.803810,1.555131,0.707061,0.428454,0.692214,0.00075471,0.6713,273.8
37,1.591674,0.806536,1.444160,0.725752,0.437500,0.711033,0.00075123,0.6679,272.9
38,1.585039,0.809382,1.480706,0.713883,0.450658,0.699576,0.00074764,0.6646,275.5
39,1.565404,0.813299,1.466438,0.724429,0.458882,0.709327,0.00074392,0.6613,272.8
40,1.563778,0.814067,1.424861,0.725225,0.453125,0.705621,0.00074009,0.6579,272.4
41,1.556096,0.816698,1.374661,0.739897,0.463816,0.722685,0.00073614,0.6547,273.5
42,1.533940,0.821995,1.404296,0.732539,0.458882,0.718639,0.00073207,0.6514,273.3
43,1.526562,0.824303,1.348164,0.740398,0.487664,0.723222,0.00072790,0.6481,274.6
44,1.519961,0.826170,1.331157,0.745903,0.490954,0.730437,0.00072361,0.6449,272.3
45,1.517904,0.826424,1.343027,0.750816,0.495066,0.737702,0.00071921,0.6417,270.8
46,1.502676,0.830897,1.268680,0.760280,0.502467,0.747306,0.00071470,0.6385,274.7
47,1.496476,0.832475,1.281654,0.761868,0.500000,0.748574,0.00071008,0.6353,272.7
48,1.490733,0.834023,1.393299,0.741499,0.490954,0.725854,0.00070536,0.6321,273.7
49,1.483743,0.836993,1.266926,0.757205,0.497533,0.744625,0.00070053,0.6289,276.8
50,1.473587,0.838054,1.347917,0.753044,0.507401,0.742382,0.00069560,0.6258,267.9
51,1.452502,0.844275,1.226260,0.768955,0.525493,0.757350,0.00069057,0.6227,275.5
52,1.455434,0.843133,1.271415,0.760924,0.526316,0.747599,0.00068544,0.6195,273.4
53,1.440048,0.847707,1.278277,0.759472,0.516447,0.745551,0.00068022,0.6164,274.5
54,1.450990,0.845706,1.213744,0.773730,0.527138,0.761396,0.00067489,0.6134,277.2
55,1.434918,0.848914,1.241212,0.772647,0.544408,0.758959,0.00066948,0.6103,273.3
56,1.433266,0.848597,1.222947,0.774602,0.536184,0.763932,0.00066397,0.6072,269.8
57,1.424031,0.851866,1.176290,0.783038,0.539474,0.772025,0.00065837,0.6042,275.2
58,1.430224,0.850861,1.187228,0.779249,0.544408,0.768076,0.00065268,0.6012,272.6
59,1.411145,0.854833,1.226402,0.776463,0.546875,0.764419,0.00064691,0.5982,273.1
60,1.402713,0.857191,1.225591,0.773426,0.553454,0.763005,0.00064105,0.5952,275.7
61,1.400323,0.858623,1.169174,0.782543,0.561678,0.772122,0.00063511,0.5922,273.2
62,1.397784,0.859067,1.093903,0.793057,0.551809,0.784506,0.00062909,0.5892,277.5
63,1.395104,0.858998,1.179026,0.785011,0.566612,0.773390,0.00062300,0.5863,272.3
64,1.386243,0.862241,1.154305,0.787432,0.569079,0.778070,0.00061682,0.5834,270.9
65,1.378633,0.864303,1.153238,0.787235,0.558388,0.777144,0.00061057,0.5805,277.0
66,1.372907,0.865921,1.152551,0.787781,0.566612,0.775389,0.00060425,0.5776,272.7
67,1.366627,0.867654,1.119840,0.793432,0.564967,0.781727,0.00059786,0.5747,269.1
68,1.366031,0.867722,1.180484,0.782910,0.550164,0.774219,0.00059140,0.5718,262.5
69,1.351349,0.871482,1.123368,0.792892,0.575658,0.783043,0.00058488,0.5689,270.7
70,1.359689,0.869270,1.110850,0.795665,0.563322,0.786310,0.00057830,0.5661,276.4
71,1.357353,0.870489,1.086386,0.801032,0.576480,0.792209,0.00057165,0.5633,277.9
72,1.343505,0.873216,1.151159,0.792548,0.571546,0.781044,0.00056494,0.5604,270.0
73,1.345929,0.872116,1.121434,0.792988,0.565789,0.780313,0.00055818,0.5576,274.2
74,1.337001,0.875099,1.054358,0.804035,0.592928,0.796938,0.00055136,0.5548,269.0
75,1.336771,0.874678,1.045531,0.803537,0.591283,0.793087,0.00054450,0.5521,263.5
76,1.328021,0.877661,1.069311,0.804288,0.578947,0.795232,0.00053758,0.5493,276.7
77,1.327566,0.876961,1.101229,0.799287,0.599507,0.788552,0.00053062,0.5466,274.2
78,1.323694,0.879207,1.094406,0.802102,0.601151,0.792258,0.00052361,0.5438,271.1
79,1.316706,0.880025,1.059798,0.803606,0.595395,0.792648,0.00051656,0.5411,275.6
80,1.313923,0.881224,1.033739,0.811314,0.598684,0.802301,0.00050947,0.5384,273.5
81,1.304871,0.883101,1.126545,0.798584,0.584704,0.788309,0.00050234,0.5357,275.3
82,1.311358,0.881561,1.084331,0.804189,0.595395,0.793184,0.00049517,0.5330,275.3
83,1.304130,0.883178,1.110005,0.801274,0.601974,0.792063,0.00048798,0.5304,257.7
84,1.289343,0.888082,1.048732,0.809336,0.603618,0.800985,0.00048075,0.5277,271.6
85,1.299944,0.884310,1.064269,0.807148,0.587993,0.799912,0.00047350,0.5251,277.3
86,1.284425,0.887640,1.083492,0.802465,0.583059,0.795427,0.00046622,0.5225,273.7
87,1.285939,0.888355,1.033979,0.810376,0.592928,0.801424,0.00045892,0.5198,265.1
88,1.281803,0.888954,0.988997,0.820677,0.596217,0.812735,0.00045160,0.5172,266.2
89,1.274418,0.891450,1.024123,0.815105,0.599507,0.809273,0.00044426,0.5147,269.6
90,1.279273,0.890443,0.966757,0.819959,0.599507,0.809712,0.00043691,0.5121,274.0
91,1.279665,0.889396,1.021542,0.815377,0.615954,0.805178,0.00042954,0.5095,271.6
92,1.269198,0.893058,0.983901,0.820490,0.606086,0.813320,0.00042216,0.5070,274.5
93,1.263769,0.893791,1.017923,0.815203,0.608553,0.806007,0.00041478,0.5044,276.7
94,1.257751,0.895718,0.979500,0.822540,0.609375,0.814636,0.00040739,0.5019,272.6
95,1.249090,0.898153,0.994665,0.820879,0.611020,0.812588,0.00040000,0.4994,273.3
96,1.257129,0.895908,1.019339,0.814874,0.620066,0.807420,0.00039261,0.4969,276.4
97,1.248021,0.897807,1.009704,0.816769,0.607730,0.807957,0.00038522,0.4944,272.9
98,1.245056,0.899048,0.993383,0.820950,0.615132,0.811321,0.00037784,0.4920,276.5
99,1.240897,0.900153,0.936861,0.831543,0.626645,0.823266,0.00037046,0.4895,274.9
100,1.242465,0.899405,0.937154,0.829837,0.622533,0.822924,0.00036309,0.4871,272.6
101,1.224842,0.904548,0.943276,0.830158,0.627467,0.822778,0.00035574,0.4846,275.0
102,1.227841,0.903392,0.956287,0.829561,0.614309,0.821364,0.00034840,0.4822,271.6
103,1.217765,0.906424,0.910400,0.837075,0.627467,0.829409,0.00034108,0.4798,271.8
104,1.223444,0.904515,0.954266,0.831990,0.625822,0.824338,0.00033378,0.4774,276.4
105,1.212220,0.907058,0.989410,0.823834,0.624178,0.818634,0.00032650,0.4750,273.6
106,1.209974,0.908015,0.915851,0.835128,0.629934,0.827848,0.00031925,0.4726,273.2
107,1.209987,0.908041,0.925399,0.833542,0.625000,0.826727,0.00031202,0.4703,277.6
108,1.214355,0.907695,0.934217,0.829674,0.639803,0.822339,0.00030483,0.4679,272.6
109,1.205562,0.908817,0.953174,0.829912,0.632401,0.823607,0.00029766,0.4656,275.2
110,1.208110,0.908689,0.941191,0.830972,0.635691,0.823753,0.00029053,0.4632,272.3
111,1.201772,0.910539,0.959987,0.829104,0.641447,0.821462,0.00028344,0.4609,271.4
112,1.199398,0.911406,0.938694,0.833816,0.638158,0.827507,0.00027639,0.4586,277.4
113,1.188812,0.914283,0.936143,0.833629,0.644737,0.827751,0.00026938,0.4563,275.7
114,1.187208,0.914845,0.974760,0.831568,0.642270,0.826630,0.00026242,0.4540,271.1
115,1.189631,0.913015,0.932906,0.831350,0.635691,0.825167,0.00025550,0.4518,276.3
116,1.185524,0.914758,0.952861,0.829630,0.638980,0.822534,0.00024864,0.4495,274.1
117,1.167746,0.919591,1.013792,0.818424,0.632401,0.811760,0.00024182,0.4473,289.7
118,1.178318,0.916710,0.995699,0.829071,0.652961,0.822681,0.00023506,0.4450,292.3
119,1.184674,0.915402,0.914735,0.835176,0.635691,0.828970,0.00022835,0.4428,304.0
120,1.180352,0.917178,0.875460,0.843077,0.656250,0.837794,0.00022170,0.4406,315.4
121,1.174702,0.918470,0.896029,0.841474,0.666941,0.836380,0.00021512,0.4384,321.0
122,1.167305,0.920163,0.927028,0.836546,0.653783,0.828726,0.00020860,0.4362,310.9
123,1.170930,0.918663,0.970181,0.829776,0.652961,0.821364,0.00020214,0.4340,317.4
124,1.167531,0.919788,0.921446,0.839783,0.661184,0.834820,0.00019575,0.4318,317.8
125,1.166423,0.919784,0.894098,0.841623,0.664474,0.836819,0.00018943,0.4297,319.3
126,1.170742,0.919058,0.905806,0.839446,0.661184,0.835747,0.00018318,0.4275,315.7
127,1.156469,0.922595,0.904250,0.839109,0.657895,0.832383,0.00017700,0.4254,318.7
128,1.150825,0.923977,0.902170,0.839732,0.663651,0.834479,0.00017091,0.4233,313.9
129,1.138325,0.927103,0.908899,0.838002,0.668586,0.832188,0.00016489,0.4212,312.0
130,1.148623,0.924512,0.885146,0.844856,0.665296,0.839598,0.00015895,0.4191,287.4
131,1.143054,0.926453,0.953444,0.833249,0.662829,0.827020,0.00015309,0.4191,343.2
132,1.132529,0.928586,0.906889,0.842858,0.671053,0.836478,0.00014732,0.4170,294.3
133,1.136621,0.928075,0.893074,0.844956,0.675164,0.841012,0.00014163,0.4149,300.7
134,1.135567,0.928084,0.875391,0.848223,0.681743,0.841890,0.00013603,0.4128,313.0
135,1.129136,0.929729,0.856465,0.849722,0.678454,0.845449,0.00013052,0.4107,291.7
136,1.133270,0.928085,0.862487,0.849244,0.674342,0.841451,0.00012511,0.4087,280.5
137,1.102441,0.937757,0.875186,0.849641,0.673520,0.845595,0.00011978,0.4087,353.5
138,1.090576,0.940888,0.896018,0.844802,0.663651,0.839306,0.00011456,0.4066,291.2
139,1.092353,0.940992,0.905922,0.843256,0.672697,0.840476,0.00010943,0.4046,283.0
140,1.094054,0.940451,0.921813,0.841660,0.678454,0.836819,0.00010440,0.4026,281.9
141,1.096310,0.939508,0.912443,0.844488,0.666118,0.840573,0.00009947,0.4006,282.3
142,1.093426,0.940639,0.905461,0.844809,0.676809,0.839745,0.00009464,0.4000,282.2
143,1.115260,0.933339,0.906781,0.842551,0.671053,0.837307,0.00008992,0.4000,282.3
144,1.110626,0.934103,0.907544,0.843566,0.680099,0.838672,0.00008530,0.4000,281.7
145,1.103262,0.936389,0.875228,0.849206,0.688322,0.845303,0.00008079,0.4000,280.8
146,1.104096,0.936777,0.921946,0.841932,0.681743,0.837746,0.00007639,0.4000,323.2
147,1.109941,0.934348,0.866415,0.852208,0.689145,0.848130,0.00007210,0.4000,317.2
148,1.100859,0.937402,0.882672,0.848747,0.688322,0.843450,0.00006793,0.4000,277.1
149,1.096343,0.938202,0.884056,0.848851,0.690789,0.844912,0.00006386,0.4000,273.6
150,1.100125,0.937488,0.866968,0.850085,0.686678,0.843401,0.00005991,0.4000,275.8
151,1.099601,0.937510,0.878377,0.849916,0.692434,0.845985,0.00005608,0.4000,275.3
152,1.054997,0.950677,0.901790,0.848092,0.691612,0.842670,0.00005236,0.4000,339.0
153,1.034678,0.956480,0.957591,0.839260,0.680921,0.833553,0.00004877,0.4000,293.8
154,1.046124,0.953452,0.907983,0.847437,0.677632,0.843450,0.00004529,0.4000,296.6
155,1.042052,0.954650,0.906889,0.848107,0.680921,0.843937,0.00004193,0.4000,277.9
156,1.047677,0.953195,0.926800,0.844665,0.682566,0.841158,0.00003870,0.4000,277.1
157,1.053795,0.951752,0.933651,0.842053,0.681743,0.838379,0.00003559,0.4000,279.7
158,1.057919,0.949466,0.923564,0.842741,0.680921,0.838087,0.00003261,0.4000,276.7
159,1.059039,0.948835,0.908111,0.844826,0.685855,0.840183,0.00002974,0.4000,275.8
160,1.061964,0.948090,0.933135,0.841641,0.677632,0.837356,0.00002701,0.4000,277.6
161,1.057744,0.949225,0.921634,0.843730,0.679276,0.839062,0.00002440,0.4000,279.1
162,1.063442,0.948056,0.918452,0.844003,0.684211,0.839891,0.00002193,0.4000,275.6
163,1.034083,0.956584,0.909366,0.846543,0.689145,0.842280,0.00001958,0.4000,355.4
164,1.029248,0.957293,0.929282,0.844530,0.689145,0.841158,0.00001736,0.4000,429.6
165,1.025823,0.958973,0.934148,0.844083,0.688322,0.840671,0.00001527,0.4000,514.3
166,1.031435,0.957323,0.928236,0.844022,0.686678,0.840037,0.00001331,0.4000,460.3
167,1.026824,0.958295,0.930482,0.843562,0.684211,0.839988,0.00001149,0.4000,453.9
168,1.029407,0.958004,0.908143,0.848444,0.689967,0.844327,0.00000980,0.4000,455.1
169,1.053557,0.951102,0.915035,0.845394,0.685033,0.841548,0.00000824,0.4000,452.8
170,1.047641,0.952694,0.915930,0.846178,0.690789,0.842280,0.00000681,0.4000,399.3
171,1.047781,0.952199,0.907177,0.847208,0.689967,0.843596,0.00000552,0.4000,291.3
172,1.047341,0.952355,0.906240,0.847494,0.692434,0.843840,0.00000436,0.4000,285.0
173,1.046435,0.952630,0.906201,0.847710,0.690789,0.844132,0.00000334,0.4000,278.8
174,1.058133,0.949405,0.912836,0.846586,0.688322,0.842524,0.00000246,0.4000,276.9
175,1.063278,0.947376,0.910126,0.847190,0.688322,0.843401,0.00000171,0.4000,278.0
176,1.051784,0.950424,0.905799,0.847844,0.689967,0.843840,0.00000109,0.4000,280.4
177,1.056022,0.949872,0.903806,0.848351,0.691612,0.845059,0.00000100,0.4000,278.7
178,1.072155,0.944749,0.901811,0.848562,0.693257,0.845108,0.00000100,0.4000,278.9
179,1.081117,0.942928,0.918977,0.844821,0.686678,0.840866,0.00000100,0.4000,283.5
180,1.073202,0.944230,0.902220,0.847637,0.688322,0.843986,0.00000100,0.4000,278.6
epoch,train_loss,train_tok_acc,val_loss,val_tok_acc,val_seq_acc,val_tok_acc_decode,lr,tf_ratio,time
1,4.057344,0.163039,3.799655,0.103279,0.000000,0.054800,0.00008000,0.8000,344.0
2,3.299332,0.337918,4.225847,0.132151,0.000000,0.110526,0.00016000,0.7960,298.9
3,3.031916,0.405485,4.188157,0.158628,0.000000,0.146263,0.00024000,0.7920,280.4
4,2.842459,0.453759,4.031413,0.200108,0.004112,0.182682,0.00032000,0.7881,282.6
5,2.693098,0.492573,3.762815,0.229050,0.005757,0.201063,0.00040000,0.7841,279.4
6,2.556176,0.528250,3.656593,0.270176,0.007401,0.250500,0.00048000,0.7802,281.7
7,2.436281,0.560424,3.310716,0.312010,0.018914,0.270587,0.00056000,0.7763,269.9
8,2.340368,0.588556,3.290161,0.339502,0.036184,0.316221,0.00064000,0.7724,281.6
9,2.236011,0.618333,2.968854,0.389841,0.051809,0.364097,0.00072000,0.7686,278.3
10,2.169316,0.638114,2.932842,0.416181,0.077303,0.388669,0.00080000,0.7647,273.2
11,2.102421,0.658231,2.726940,0.447923,0.120888,0.416801,0.00079995,0.7609,275.0
12,2.030831,0.680443,2.682840,0.479228,0.157895,0.462337,0.00079978,0.7571,280.7
13,1.961994,0.701096,2.460116,0.511624,0.171875,0.480620,0.00079951,0.7533,289.4
14,1.914743,0.715327,2.199437,0.566140,0.228618,0.545073,0.00079913,0.7495,284.9
15,1.852795,0.732666,2.056581,0.593819,0.263158,0.570182,0.00079863,0.7458,285.7
16,1.810376,0.745181,1.975388,0.613718,0.288651,0.595290,0.00079803,0.7421,286.6
17,1.772909,0.756299,1.958051,0.627589,0.298520,0.610843,0.00079732,0.7383,283.7
18,1.730827,0.768605,1.794091,0.651075,0.319901,0.628833,0.00079651,0.7347,278.6
19,1.700789,0.777411,1.745377,0.660868,0.347039,0.644581,0.00079558,0.7310,272.7
20,1.669268,0.786434,1.698968,0.671938,0.363487,0.656428,0.00079454,0.7273,265.2
21,1.643913,0.794169,1.660709,0.682837,0.377467,0.666423,0.00079340,0.7237,272.3
22,1.615001,0.802031,1.561094,0.702544,0.396382,0.688362,0.00079215,0.7201,276.4
23,1.605019,0.805463,1.638515,0.690301,0.403783,0.670274,0.00079079,0.7165,276.1
24,1.587431,0.810836,1.530143,0.707206,0.417763,0.690654,0.00078933,0.7129,279.2
25,1.553269,0.819531,1.424436,0.728874,0.430921,0.713568,0.00078776,0.7093,285.2
26,1.539291,0.823979,1.481310,0.718760,0.429276,0.700892,0.00078608,0.7058,269.9
27,1.520884,0.829020,1.421484,0.733352,0.456414,0.719419,0.00078430,0.7022,271.8
28,1.511826,0.830922,1.413885,0.732717,0.442434,0.717469,0.00078241,0.6987,272.0
29,1.493682,0.836877,1.387520,0.735654,0.455592,0.721125,0.00078042,0.6952,270.0
30,1.475662,0.841781,1.365171,0.747081,0.454770,0.733899,0.00077833,0.6918,271.6
31,1.473903,0.842265,1.340573,0.752973,0.489309,0.737750,0.00077613,0.6883,270.5
32,1.449861,0.849529,1.295368,0.757853,0.481086,0.744820,0.00077383,0.6849,269.6
33,1.440808,0.850783,1.248890,0.765640,0.486842,0.757545,0.00077142,0.6814,268.0
34,1.428006,0.854967,1.283526,0.766493,0.502467,0.755010,0.00076892,0.6780,268.3
35,1.413380,0.858690,1.233165,0.772663,0.501645,0.759690,0.00076631,0.6746,271.5
36,1.397233,0.863284,1.253348,0.770898,0.513158,0.758959,0.00076360,0.6713,271.1
37,1.389968,0.865131,1.164362,0.780122,0.514803,0.771635,0.00076080,0.6679,269.8
38,1.386746,0.866386,1.185735,0.776644,0.508224,0.764712,0.00075789,0.6646,271.4
39,1.377324,0.868046,1.185644,0.785777,0.504112,0.773975,0.00075489,0.6613,269.6
40,1.371279,0.870430,1.167857,0.785698,0.537007,0.772025,0.00075179,0.6579,269.5
41,1.353387,0.874776,1.186956,0.784676,0.532072,0.773341,0.00074859,0.6547,268.9
42,1.356778,0.874052,1.175735,0.783208,0.525493,0.771732,0.00074530,0.6514,269.2
43,1.340512,0.877687,1.119579,0.795909,0.551809,0.785042,0.00074192,0.6481,270.6
44,1.340180,0.878313,1.174467,0.782940,0.542763,0.770465,0.00073844,0.6449,270.5
45,1.327848,0.881524,1.157897,0.791543,0.520559,0.782068,0.00073487,0.6417,270.9
46,1.322338,0.882819,1.215526,0.779247,0.531250,0.765102,0.00073120,0.6385,269.4
47,1.320145,0.883687,1.133798,0.796732,0.545230,0.786700,0.00072745,0.6353,269.6
48,1.315059,0.884864,1.187598,0.787845,0.550164,0.779435,0.00072361,0.6321,272.4
49,1.305730,0.887047,1.109131,0.799459,0.556743,0.789966,0.00071968,0.6289,270.2
50,1.293763,0.889551,1.164338,0.793326,0.564967,0.784360,0.00071566,0.6258,268.8
51,1.289969,0.890831,1.155637,0.792704,0.569079,0.779972,0.00071155,0.6227,269.4
52,1.284763,0.891436,1.053743,0.806896,0.572368,0.797280,0.00070736,0.6195,268.7
53,1.275611,0.893933,1.120023,0.799057,0.570724,0.787821,0.00070309,0.6164,271.2
54,1.269726,0.896541,1.063468,0.810279,0.571546,0.797718,0.00069873,0.6134,271.5
55,1.266180,0.897019,1.117927,0.801350,0.582237,0.790698,0.00069429,0.6103,268.0
56,1.259357,0.898159,1.056977,0.810669,0.575658,0.799425,0.00068977,0.6072,267.7
57,1.257978,0.898361,0.986344,0.821123,0.584704,0.811613,0.00068517,0.6042,269.2
58,1.251600,0.900644,1.038451,0.816566,0.584704,0.808249,0.00068049,0.6012,271.0
59,1.243523,0.902602,0.955829,0.825829,0.606086,0.817659,0.00067574,0.5982,272.0
60,1.235552,0.904369,1.038074,0.812593,0.577303,0.799766,0.00067091,0.5952,269.4
61,1.245926,0.900838,0.996980,0.821760,0.604441,0.811760,0.00066601,0.5922,270.5
62,1.230952,0.904916,1.057741,0.813049,0.598684,0.803179,0.00066103,0.5892,271.4
63,1.235935,0.903469,1.018976,0.817492,0.586349,0.809273,0.00065599,0.5863,270.3
64,1.230181,0.904188,1.015825,0.820766,0.600329,0.812198,0.00065087,0.5834,271.2
65,1.227065,0.906459,0.996767,0.820199,0.598684,0.814002,0.00064569,0.5805,269.1
66,1.216857,0.909081,0.960056,0.828202,0.610197,0.821218,0.00064043,0.5776,270.2
67,1.217007,0.908907,0.950734,0.831633,0.617599,0.824826,0.00063511,0.5747,272.2
68,1.208006,0.912136,0.990311,0.828612,0.608553,0.822242,0.00062973,0.5718,268.6
69,1.210197,0.910834,0.956434,0.830661,0.611020,0.820535,0.00062429,0.5689,268.6
70,1.211794,0.910401,0.965250,0.830314,0.609375,0.821413,0.00061878,0.5661,269.1
71,1.201322,0.912884,1.019901,0.820267,0.606908,0.812101,0.00061321,0.5633,270.3
72,1.199822,0.913021,1.006561,0.824071,0.604441,0.815514,0.00060759,0.5604,262.6
73,1.198917,0.913338,0.963983,0.831462,0.620066,0.823071,0.00060191,0.5576,261.3
74,1.183455,0.917594,1.014241,0.821755,0.628289,0.813807,0.00059617,0.5548,264.1
75,1.180589,0.918276,0.975331,0.825895,0.618421,0.816830,0.00059038,0.5521,259.6
76,1.180082,0.917203,0.976362,0.829273,0.622533,0.818780,0.00058454,0.5493,270.9
77,1.179081,0.918283,0.959344,0.830834,0.626645,0.821949,0.00057864,0.5466,268.9
78,1.180680,0.918405,0.949157,0.833731,0.629934,0.826045,0.00057270,0.5438,270.3
79,1.173801,0.920095,0.870539,0.843077,0.632401,0.836527,0.00056671,0.5411,268.3
80,1.170778,0.920404,1.037848,0.817560,0.624178,0.806543,0.00056068,0.5384,270.4
81,1.164500,0.921456,0.934472,0.836575,0.626645,0.827751,0.00055460,0.5357,268.8
82,1.168147,0.920957,0.955338,0.833600,0.636513,0.825557,0.00054848,0.5330,269.3
83,1.160756,0.923095,0.974175,0.834464,0.634046,0.825752,0.00054232,0.5304,269.2
84,1.152602,0.924706,0.919342,0.839415,0.643092,0.832236,0.00053612,0.5277,272.4
85,1.157420,0.923930,0.920104,0.840036,0.634868,0.832383,0.00052988,0.5251,272.6
86,1.144716,0.926641,0.890958,0.841810,0.641447,0.835113,0.00052361,0.5225,269.8
87,1.151279,0.926192,0.943572,0.833130,0.634868,0.822534,0.00051730,0.5198,269.0
88,1.149609,0.925530,0.949530,0.836004,0.652961,0.827995,0.00051096,0.5172,269.4
89,1.141287,0.927860,0.970519,0.832015,0.636513,0.824679,0.00050459,0.5147,271.1
90,1.137754,0.929097,0.974612,0.830524,0.653783,0.821120,0.00049819,0.5121,271.7
91,1.149421,0.925367,0.907635,0.840501,0.635691,0.832383,0.00049177,0.5095,270.3
92,1.140642,0.928109,0.885313,0.843793,0.648849,0.836283,0.00048532,0.5070,271.6
93,1.136712,0.930154,0.874366,0.849555,0.648849,0.840476,0.00047885,0.5044,270.2
94,1.134810,0.930792,0.904299,0.839877,0.671053,0.831115,0.00047235,0.5019,272.0
95,1.136790,0.930332,0.844605,0.851954,0.665296,0.844669,0.00046584,0.4994,266.9
96,1.127714,0.933375,0.930288,0.839235,0.642270,0.831066,0.00045931,0.4969,266.8
97,1.122979,0.933385,0.851796,0.852231,0.649671,0.843694,0.00045276,0.4944,267.2
98,1.122064,0.933003,0.862630,0.849387,0.648849,0.845205,0.00044619,0.4920,267.8
99,1.122528,0.932949,0.874201,0.848020,0.643092,0.840281,0.00043962,0.4895,269.6
100,1.116021,0.934850,0.868191,0.848788,0.647204,0.839745,0.00043303,0.4871,267.3
101,1.109628,0.936134,0.829899,0.853974,0.651316,0.845595,0.00042644,0.4846,266.8
102,1.107938,0.936289,0.878677,0.847446,0.641447,0.839647,0.00041983,0.4822,264.0
103,1.108182,0.936112,0.869597,0.848998,0.645559,0.839062,0.00041323,0.4798,267.8
104,1.096909,0.939327,0.847929,0.853053,0.647204,0.844766,0.00040661,0.4774,268.9
105,1.107215,0.937055,0.829904,0.857792,0.653783,0.848130,0.00040000,0.4750,265.8
106,1.088504,0.942243,0.869342,0.849171,0.662829,0.840622,0.00039339,0.4726,266.0
107,1.089723,0.941801,0.966070,0.834451,0.636513,0.825508,0.00038677,0.4703,269.2
108,1.091821,0.940852,0.875306,0.846983,0.655428,0.839208,0.00038017,0.4679,267.2
109,1.077734,0.944419,0.837248,0.858131,0.662007,0.848959,0.00037356,0.4656,265.6
110,1.085871,0.942572,0.869614,0.851037,0.652961,0.843791,0.00036697,0.4632,266.6
111,1.090304,0.941165,0.825407,0.857329,0.668586,0.849690,0.00036038,0.4609,266.4
112,1.085362,0.943434,0.817740,0.859686,0.674342,0.852128,0.00035381,0.4586,268.9
113,1.081369,0.944559,0.805114,0.861635,0.669408,0.853396,0.00034724,0.4563,269.7
114,1.081274,0.943316,0.817560,0.861851,0.675164,0.855297,0.00034069,0.4540,266.7
115,1.075165,0.945667,0.813173,0.859400,0.671053,0.850861,0.00033416,0.4518,266.9
116,1.074041,0.946085,0.830626,0.857258,0.672697,0.848959,0.00032765,0.4495,266.6
117,1.078468,0.944245,0.799422,0.863143,0.668586,0.854566,0.00032115,0.4473,267.4
118,1.063047,0.948746,0.841979,0.855035,0.667763,0.845985,0.00031468,0.4450,267.0
119,1.056320,0.950458,0.847671,0.859105,0.663651,0.851251,0.00030823,0.4428,266.4
120,1.060602,0.949091,0.830744,0.859701,0.683388,0.852128,0.00030181,0.4406,266.2
121,1.050148,0.951821,0.862661,0.854213,0.670230,0.846911,0.00029541,0.4384,260.1
122,1.048528,0.952424,0.801456,0.864825,0.682566,0.856711,0.00028904,0.4362,264.7
123,1.048943,0.951650,0.833205,0.859821,0.675164,0.852372,0.00028270,0.4340,266.7
124,1.050881,0.951526,0.829210,0.860467,0.665296,0.852177,0.00027639,0.4318,265.9
125,1.042512,0.953626,0.844546,0.860449,0.683388,0.851348,0.00027012,0.4297,262.8
126,1.044346,0.953309,0.813635,0.863063,0.678454,0.856272,0.00026388,0.4275,266.2
127,1.048298,0.951891,0.795319,0.865178,0.689145,0.856857,0.00025768,0.4254,262.9
128,1.039262,0.954677,0.761017,0.871726,0.681743,0.863098,0.00025152,0.4233,267.8
129,1.037187,0.955802,0.816894,0.861865,0.685855,0.852372,0.00024540,0.4212,266.4
130,1.037119,0.955011,0.813874,0.862328,0.689145,0.853444,0.00023932,0.4191,269.1
131,1.033842,0.955989,0.781016,0.868372,0.676809,0.860904,0.00023329,0.4170,265.9
132,1.033799,0.955941,0.784252,0.866758,0.685855,0.859198,0.00022730,0.4149,267.7
133,1.030815,0.956373,0.805602,0.864810,0.680921,0.856516,0.00022136,0.4128,266.6
134,1.027739,0.957607,0.812874,0.864005,0.691612,0.855687,0.00021546,0.4107,268.2
135,1.018008,0.960057,0.861060,0.857444,0.689967,0.848228,0.00020962,0.4087,268.7
136,1.017000,0.959751,0.830317,0.866479,0.692434,0.857832,0.00020383,0.4066,266.0
137,1.013933,0.960611,0.840712,0.860012,0.680921,0.853201,0.00019809,0.4046,265.3
138,1.012370,0.961235,0.840747,0.860630,0.696546,0.854225,0.00019241,0.4026,268.1
139,1.011975,0.961532,0.842615,0.859661,0.689967,0.854225,0.00018679,0.4006,267.1
140,1.018080,0.959820,0.788134,0.867464,0.703125,0.860124,0.00018122,0.4000,266.6
141,1.011052,0.961723,0.780771,0.870960,0.702303,0.863780,0.00017571,0.4000,265.8
142,1.013913,0.960654,0.764546,0.871850,0.706414,0.865146,0.00017027,0.4000,268.1
143,1.002062,0.964355,0.817127,0.862813,0.699836,0.856175,0.00016489,0.4000,268.1
144,1.004611,0.963389,0.764476,0.875894,0.702303,0.868558,0.00015957,0.4000,267.9
145,1.004185,0.964084,0.800023,0.869094,0.694079,0.861148,0.00015431,0.4000,267.4
146,1.000623,0.964348,0.763731,0.875373,0.707237,0.868315,0.00014913,0.4000,267.1
147,1.001066,0.964550,0.750135,0.874797,0.706414,0.867973,0.00014401,0.4000,266.8
148,0.989087,0.967955,0.789625,0.872302,0.716283,0.865243,0.00013897,0.4000,265.8
149,0.996986,0.965238,0.739395,0.878371,0.708882,0.869533,0.00013399,0.4000,266.5
150,0.988570,0.967517,0.756099,0.877029,0.714638,0.870509,0.00012909,0.4000,265.3
151,0.990249,0.967023,0.761987,0.876372,0.712993,0.869143,0.00012426,0.4000,268.6
152,0.984852,0.969314,0.776917,0.873504,0.708059,0.866949,0.00011951,0.4000,267.9
153,0.980632,0.969860,0.789711,0.870670,0.708882,0.863342,0.00011483,0.4000,266.0
154,0.978851,0.970533,0.798839,0.871829,0.704770,0.862903,0.00011023,0.4000,299.0
155,0.980777,0.969855,0.790462,0.871516,0.712171,0.864512,0.00010571,0.4000,284.9
156,0.974702,0.971735,0.779297,0.873711,0.711349,0.866511,0.00010127,0.4000,274.6
157,0.981799,0.969898,0.780890,0.872991,0.704770,0.864560,0.00009691,0.4000,276.5
158,0.976455,0.970650,0.771248,0.873463,0.713816,0.866267,0.00009264,0.4000,277.7
159,0.977589,0.970518,0.770577,0.875854,0.716283,0.868558,0.00008845,0.4000,277.6
160,0.970858,0.971840,0.773662,0.874618,0.704770,0.867096,0.00008434,0.4000,284.5
161,0.971031,0.972207,0.738106,0.879597,0.725329,0.871386,0.00008032,0.4000,319.8
162,0.965754,0.973459,0.768498,0.875675,0.716283,0.868266,0.00007639,0.4000,358.8
163,0.973912,0.971590,0.733281,0.880715,0.722039,0.872751,0.00007255,0.4000,350.1
164,0.966706,0.973528,0.738184,0.879712,0.716283,0.872069,0.00006880,0.4000,347.2
165,0.962366,0.974748,0.752483,0.879675,0.722039,0.871922,0.00006513,0.4000,361.1
166,0.961703,0.974930,0.746632,0.880537,0.713816,0.874604,0.00006156,0.4000,357.8
167,0.963092,0.974239,0.748624,0.878421,0.717928,0.871776,0.00005808,0.4000,355.4
168,0.957864,0.975705,0.740852,0.881675,0.723684,0.874263,0.00005470,0.4000,322.6
169,0.962442,0.974436,0.762259,0.878124,0.717105,0.870557,0.00005141,0.4000,357.6
170,0.962225,0.973960,0.760850,0.878155,0.720395,0.870557,0.00004821,0.4000,353.6
171,0.958420,0.975610,0.773696,0.876802,0.717105,0.868510,0.00004511,0.4000,348.1
172,0.951696,0.977130,0.778731,0.875174,0.718750,0.867339,0.00004211,0.4000,297.3
173,0.959057,0.975471,0.768292,0.877642,0.720395,0.870118,0.00003920,0.4000,270.6
174,0.960847,0.974682,0.744408,0.880355,0.717928,0.873288,0.00003640,0.4000,273.5
175,0.950827,0.977451,0.771869,0.877159,0.723684,0.869338,0.00003369,0.4000,275.3
176,0.946941,0.978354,0.760892,0.878657,0.717105,0.870655,0.00003108,0.4000,273.1
177,0.948597,0.978019,0.762415,0.878271,0.726974,0.870996,0.00002858,0.4000,282.2
178,0.961599,0.975078,0.743565,0.881270,0.722862,0.873239,0.00002617,0.4000,274.0
179,0.950298,0.977369,0.746447,0.881214,0.724507,0.873970,0.00002387,0.4000,270.9
180,0.952081,0.977610,0.757769,0.879087,0.717928,0.872069,0.00002167,0.4000,274.4
181,0.945699,0.978999,0.772649,0.876675,0.724507,0.869290,0.00001958,0.4000,271.3
182,0.947715,0.978035,0.773986,0.876808,0.727796,0.869338,0.00001759,0.4000,267.4
183,0.948001,0.978132,0.766819,0.878294,0.725329,0.871581,0.00001570,0.4000,274.3
184,0.944646,0.978492,0.763762,0.878448,0.728618,0.871289,0.00001392,0.4000,269.0
185,0.951114,0.977365,0.751722,0.880151,0.726974,0.873336,0.00001224,0.4000,267.6
186,0.944566,0.979299,0.768447,0.877937,0.727796,0.870411,0.00001067,0.4000,276.9
187,0.938737,0.980622,0.770382,0.877921,0.727796,0.870655,0.00000921,0.4000,266.1
188,0.949146,0.977667,0.757042,0.879867,0.724507,0.873190,0.00000785,0.4000,265.7
189,0.947269,0.978476,0.767037,0.878564,0.725329,0.872069,0.00000660,0.4000,271.6
190,0.945226,0.978714,0.767131,0.878724,0.726151,0.871727,0.00000546,0.4000,289.3
191,0.953191,0.976685,0.757656,0.879234,0.727796,0.872702,0.00000442,0.4000,291.8
192,0.943076,0.979585,0.765818,0.878111,0.726974,0.871191,0.00000349,0.4000,283.9
193,0.943646,0.979191,0.783860,0.875987,0.728618,0.869728,0.00000268,0.4000,271.4
194,0.946543,0.978470,0.772119,0.877685,0.725329,0.870557,0.00000197,0.4000,365.1
195,0.944341,0.979154,0.774622,0.877416,0.722862,0.870460,0.00000137,0.4000,299.7
196,0.948734,0.978180,0.780376,0.876067,0.726974,0.870313,0.00000100,0.4000,293.4
197,0.948216,0.977993,0.784304,0.875536,0.725329,0.868217,0.00000100,0.4000,363.5
198,0.943341,0.979037,0.784235,0.875624,0.726974,0.868705,0.00000100,0.4000,374.2
199,0.949007,0.978273,0.790931,0.874798,0.726974,0.867486,0.00000100,0.4000,369.2
200,0.942353,0.979453,0.788931,0.875116,0.726974,0.868022,0.00000100,0.4000,359.1
epoch,train_loss,train_tok_acc,val_loss,val_tok_acc,val_seq_acc,val_tok_acc_decode,lr,tf_ratio,time
epoch,train_loss,train_tok_acc,val_loss,val_tok_acc,val_seq_acc,val_tok_acc_decode,lr,tf_ratio,time
1,4.804060,0.198979,4.529774,0.090790,0.000000,0.042124,0.00002000,1.0000,748.6
2,3.824724,0.404531,5.679351,0.112996,0.000000,0.080932,0.00004000,1.0000,1115.3
3,3.417287,0.463973,5.649138,0.131432,0.001645,0.089172,0.00006000,1.0000,876.1
4,3.161443,0.493864,5.464703,0.126899,0.001645,0.077519,0.00008000,1.0000,886.3
5,3.067723,0.517226,5.462840,0.136309,0.002467,0.100629,0.00010000,1.0000,944.8
6,2.931239,0.541162,5.551187,0.130269,0.004112,0.108088,0.00012000,1.0000,864.2
7,2.806748,0.567582,5.475980,0.144350,0.011513,0.112232,0.00014000,1.0000,826.8
8,2.836213,0.577596,5.637817,0.093010,0.003289,0.064209,0.00016000,1.0000,869.8
9,2.986941,0.564048,5.502128,0.103889,0.004934,0.074107,0.00018000,1.0000,992.3
10,2.915796,0.586799,5.925632,0.103285,0.001645,0.065428,0.00020000,1.0000,1964.0
11,2.809336,0.611073,5.594203,0.095955,0.003289,0.068646,0.00019997,1.0000,834.3
12,2.735373,0.628258,5.669140,0.094421,0.003289,0.076739,0.00019990,1.0000,909.5
13,2.770581,0.628649,5.812561,0.095374,0.004112,0.058213,0.00019977,1.0000,979.6
14,2.692118,0.646084,5.423169,0.087860,0.003289,0.053483,0.00019960,1.0000,952.3
15,2.663136,0.651667,5.626922,0.091877,0.002467,0.084394,0.00019937,1.0000,1105.4
16,2.688025,0.651943,5.996510,0.100681,0.005757,0.046414,0.00019909,1.0000,1156.0
17,nan,0.506679,845.742006,0.145829,0.000000,0.147092,0.00019877,1.0000,5979.2
epoch,train_loss,train_tok_acc,val_loss,val_tok_acc,val_seq_acc,val_tok_acc_decode,lr,tf_ratio,time
1,3.859931,0.212819,2.780790,0.348996,0.000000,0.022232,0.00002001,1.0000,625.2
2,2.957067,0.381639,2.416648,0.408509,0.000000,0.058261,0.00004003,1.0000,1696.0
epoch,train_loss,train_tok_acc,val_loss,val_tok_acc,val_seq_acc,val_tok_acc_decode,lr,tf_ratio,time
1,3.859937,0.212705,2.780852,0.349381,0.000000,0.022232,0.00002001,1.0000,579.2
epoch,train_loss,train_tok_acc,val_loss,val_tok_acc,val_seq_acc,val_tok_acc_decode,lr,tf_ratio,time
1,3.859899,0.212699,2.780924,0.349673,0.000000,0.022232,0.00002001,1.0000,582.1
epoch,train_loss,train_tok_acc,val_loss,val_tok_acc,val_seq_acc,val_tok_acc_decode,lr,tf_ratio,time
1,3.859891,0.212730,2.779917,0.348870,0.000000,0.051095,0.00002001,1.0000,212.8
2,2.951489,0.383334,2.413440,0.411662,0.000000,0.111209,0.00004003,1.0000,316.0
3,2.740936,0.428504,2.176879,0.461641,0.000000,0.088684,0.00006004,1.0000,242.0
4,2.564194,0.474560,1.973989,0.504695,0.001645,0.150797,0.00008006,1.0000,300.8
5,2.410108,0.515712,1.795719,0.554487,0.002467,0.165667,0.00010007,1.0000,290.0
6,2.272511,0.553668,1.661139,0.582851,0.005757,0.188533,0.00012009,1.0000,287.4
7,2.140930,0.591306,1.475662,0.624656,0.016447,0.251085,0.00014010,1.0000,282.8
8,2.017921,0.627225,1.308468,0.665681,0.041118,0.276876,0.00016012,1.0000,274.4
9,1.903688,0.660357,1.173449,0.694937,0.069901,0.308274,0.00018013,1.0000,242.7
10,1.789583,0.696858,1.035858,0.734219,0.115954,0.368193,0.00020000,1.0000,243.4
11,1.688717,0.727702,0.903409,0.773012,0.164474,0.415631,0.00019999,1.0000,292.5
12,1.596219,0.757314,0.812089,0.792565,0.199013,0.448735,0.00019994,1.0000,296.6
13,1.522606,0.780913,0.767046,0.802791,0.207237,0.462922,0.00019988,1.0000,292.3
14,1.461856,0.799729,0.701503,0.824919,0.239309,0.519672,0.00019978,1.0000,307.8
15,1.405182,0.818122,0.611280,0.846058,0.290296,0.559017,0.00019966,1.0000,308.0
16,1.356307,0.833094,0.613254,0.845354,0.300164,0.553557,0.00019951,1.0000,318.9
17,1.315598,0.846251,0.546557,0.863600,0.333882,0.581152,0.00019933,1.0000,297.2
18,1.286825,0.854962,0.542376,0.861342,0.324013,0.580274,0.00019912,1.0000,282.1
19,1.258259,0.863616,0.511131,0.872432,0.356086,0.610745,0.00019889,1.0000,301.6
20,1.223491,0.874295,0.521905,0.870182,0.354441,0.587197,0.00019863,1.0000,279.1
21,1.222318,0.873934,0.490834,0.878603,0.392270,0.618839,0.00019835,1.0000,285.5
22,1.202821,0.880224,0.478737,0.879431,0.366776,0.621276,0.00019803,1.0000,251.9
23,1.185485,0.885412,0.440389,0.891115,0.422697,0.654819,0.00019769,1.0000,249.3
24,1.167390,0.890947,0.442128,0.890049,0.416941,0.655648,0.00019733,1.0000,247.7
25,1.151248,0.896028,0.429729,0.894907,0.441612,0.669592,0.00019693,1.0000,248.1
26,1.135958,0.899910,0.419040,0.896900,0.449013,0.675199,0.00019651,1.0000,249.5
27,1.121202,0.904898,0.405210,0.900307,0.469572,0.678124,0.00019607,1.0000,289.6
28,1.110986,0.907231,0.388061,0.908147,0.491776,0.708547,0.00019559,1.0000,355.8
29,1.103014,0.910235,0.389263,0.903220,0.450658,0.689191,0.00019509,1.0000,349.8
30,1.090335,0.913592,0.385852,0.907933,0.466283,0.690020,0.00019457,1.0000,349.9
31,1.085512,0.915660,0.374182,0.909045,0.476151,0.707084,0.00019402,1.0000,354.2
32,1.070008,0.920400,0.364768,0.915253,0.512336,0.724489,0.00019344,1.0000,352.5
33,1.063805,0.921892,0.366930,0.914363,0.500822,0.705719,0.00019284,1.0000,299.9
34,1.057630,0.923692,0.364944,0.910964,0.487664,0.712447,0.00019221,1.0000,288.4
35,1.046031,0.927059,0.365353,0.916226,0.511513,0.708498,0.00019156,1.0000,283.3
36,1.039780,0.929289,0.350221,0.919365,0.537007,0.730730,0.00019088,1.0000,280.0
37,1.036610,0.930896,0.342826,0.922701,0.536184,0.740578,0.00019018,1.0000,273.4
38,1.029009,0.932372,0.355584,0.916847,0.514803,0.713715,0.00018945,1.0000,273.5
39,1.020734,0.934677,0.348355,0.918508,0.523849,0.720345,0.00018870,1.0000,272.4
40,1.017251,0.935655,0.335104,0.922599,0.555921,0.736337,0.00018792,1.0000,273.0
41,1.010344,0.938154,0.337902,0.923787,0.569079,0.746039,0.00018712,1.0000,274.5
42,1.005263,0.939435,0.340419,0.921521,0.527961,0.729170,0.00018630,1.0000,271.9
43,1.000966,0.940109,0.336533,0.923110,0.531250,0.731559,0.00018545,1.0000,273.1
44,0.995141,0.942116,0.327664,0.926601,0.555921,0.749598,0.00018458,1.0000,281.2
45,0.990695,0.943568,0.327169,0.925689,0.561678,0.743260,0.00018369,1.0000,280.9
46,0.985412,0.945082,0.325870,0.927739,0.569901,0.752279,0.00018277,1.0000,280.6
47,0.978690,0.947091,0.322985,0.927898,0.563322,0.743796,0.00018183,1.0000,277.7
48,0.977439,0.947529,0.320936,0.929157,0.557566,0.756911,0.00018087,1.0000,281.7
49,0.977951,0.946881,0.318207,0.928662,0.564145,0.745161,0.00017988,1.0000,278.4
50,0.971193,0.949492,0.318507,0.929823,0.569901,0.751304,0.00017888,1.0000,279.6
51,0.963293,0.952039,0.318681,0.931975,0.589638,0.757886,0.00017785,0.7000,279.2
52,0.963238,0.951631,0.323275,0.928473,0.568257,0.754424,0.00017680,0.7000,288.2
53,0.960411,0.952619,0.313075,0.930075,0.573191,0.759982,0.00017573,0.7000,286.7
54,0.955942,0.953818,0.298058,0.934929,0.599507,0.771635,0.00017464,0.7000,289.2
55,0.952626,0.954712,0.305178,0.933653,0.586349,0.759495,0.00017353,0.7000,286.0
56,0.953447,0.954357,0.323640,0.928788,0.573191,0.759787,0.00017240,0.7000,287.1
57,0.947249,0.956339,0.310430,0.932438,0.587171,0.762664,0.00017124,0.7000,275.8
58,0.945610,0.956719,0.314979,0.930230,0.588816,0.767832,0.00017007,0.7000,276.8
59,0.941337,0.958071,0.313832,0.933405,0.588816,0.760568,0.00016888,0.7000,276.0
60,0.941002,0.958005,0.311380,0.933637,0.581414,0.772122,0.00016767,0.7000,274.4
61,0.936119,0.960013,0.309241,0.933816,0.597862,0.769782,0.00016645,0.7000,274.3
62,0.934182,0.960853,0.306519,0.933165,0.593750,0.775730,0.00016520,0.7000,275.7
63,0.932614,0.960466,0.300133,0.935651,0.591283,0.771781,0.00016394,0.7000,274.7
64,0.931168,0.961128,0.305891,0.933320,0.574013,0.762761,0.00016266,0.7000,273.6
65,0.926057,0.963009,0.299931,0.935563,0.602796,0.779289,0.00016136,0.7000,276.1
66,0.925625,0.962817,0.300012,0.937711,0.619243,0.785042,0.00016004,0.7000,274.5
67,0.925887,0.963010,0.294015,0.938493,0.611020,0.773877,0.00015871,0.7000,275.4
68,0.920205,0.964205,0.302742,0.934771,0.596217,0.774950,0.00015737,0.7000,299.5
69,0.919939,0.964526,0.293474,0.939332,0.603618,0.773926,0.00015600,0.7000,289.7
70,0.916692,0.965026,0.300808,0.937096,0.602796,0.774950,0.00015462,0.7000,287.7
71,0.917067,0.965197,0.299515,0.935924,0.585526,0.775243,0.00015323,0.7000,285.8
72,0.915269,0.965995,0.305870,0.934961,0.597039,0.781288,0.00015182,0.7000,287.5
73,0.912041,0.966458,0.303324,0.935155,0.605263,0.785969,0.00015040,0.7000,286.2
74,0.910778,0.967440,0.296493,0.939172,0.618421,0.784750,0.00014896,0.7000,287.5
75,0.908205,0.967888,0.303295,0.936008,0.601151,0.773829,0.00014751,0.7000,286.0
76,0.908457,0.967687,0.295373,0.938519,0.615132,0.782361,0.00014605,0.7000,289.7
77,0.901618,0.969838,0.296357,0.939070,0.628289,0.794647,0.00014458,0.7000,287.5
78,0.903324,0.969520,0.304225,0.936097,0.584704,0.780020,0.00014309,0.7000,286.1
79,0.900084,0.970069,0.307980,0.936879,0.602796,0.780118,0.00014159,0.7000,288.3
80,0.901200,0.970164,0.292212,0.939215,0.617599,0.789186,0.00014008,0.7000,287.7
81,0.899315,0.971072,0.296129,0.939399,0.627467,0.792014,0.00013856,0.7000,286.5
82,0.896721,0.971279,0.293328,0.941146,0.632401,0.794793,0.00013703,0.7000,286.1
83,0.895341,0.971901,0.295543,0.939573,0.613487,0.784798,0.00013549,0.7000,287.3
84,0.893714,0.972235,0.291473,0.941268,0.634868,0.798498,0.00013393,0.7000,286.0
85,0.891781,0.973312,0.300973,0.937590,0.600329,0.787334,0.00013237,0.7000,297.9
86,0.890297,0.973324,0.291012,0.941704,0.615132,0.794013,0.00013080,0.7000,304.1
87,0.888753,0.973952,0.283438,0.942831,0.630757,0.796353,0.00012922,0.7000,295.5
88,0.887316,0.973909,0.290035,0.943246,0.638980,0.802447,0.00012764,0.7000,304.8
89,0.886653,0.974261,0.288110,0.942410,0.616776,0.793818,0.00012604,0.7000,299.6
90,0.887555,0.974155,0.295252,0.942221,0.635691,0.795622,0.00012444,0.7000,289.5
91,0.883409,0.975588,0.290916,0.943040,0.636513,0.797036,0.00012284,0.7000,293.3
92,0.881632,0.976052,0.290526,0.942362,0.629112,0.796548,0.00012122,0.7000,300.5
93,0.880412,0.976277,0.285689,0.944182,0.641447,0.798303,0.00011960,0.7000,301.3
94,0.878729,0.976947,0.291338,0.942527,0.634868,0.797280,0.00011798,0.7000,291.5
95,0.878081,0.977207,0.287106,0.942046,0.629934,0.801229,0.00011635,0.7000,304.2
96,0.878518,0.976630,0.282115,0.944306,0.642270,0.803033,0.00011471,0.7000,294.1
97,0.875813,0.977713,0.292963,0.941449,0.630757,0.791331,0.00011307,0.7000,295.8
98,0.876743,0.977602,0.288274,0.944130,0.635691,0.803033,0.00011143,0.7000,287.9
99,0.874868,0.978112,0.279025,0.944783,0.649671,0.809224,0.00010979,0.7000,304.4
100,0.874459,0.977802,0.283407,0.944866,0.643092,0.805714,0.00010814,0.7000,303.7
101,0.869533,0.979360,0.290382,0.942199,0.632401,0.800156,0.00010649,0.5000,302.9
102,0.871342,0.978968,0.290885,0.943089,0.639803,0.802155,0.00010484,0.5000,303.3
103,0.868099,0.979963,0.296595,0.941969,0.633224,0.806348,0.00010318,0.5000,274.9
104,0.869484,0.979756,0.288527,0.943872,0.643914,0.809078,0.00010153,0.5000,238.8
105,0.867036,0.980529,0.288922,0.943633,0.648849,0.814636,0.00009987,0.5000,240.2
106,0.867506,0.979991,0.286740,0.944089,0.648849,0.811467,0.00009822,0.5000,238.8
107,0.865585,0.981022,0.282717,0.945917,0.634046,0.811370,0.00009656,0.5000,237.0
108,0.865447,0.980461,0.277222,0.947552,0.657072,0.806884,0.00009491,0.5000,239.2
109,0.863058,0.981577,0.283370,0.945486,0.659539,0.816489,0.00009326,0.5000,239.0
110,0.863599,0.981410,0.281184,0.946019,0.644737,0.809127,0.00009161,0.5000,237.4
111,0.861511,0.982138,0.288961,0.943446,0.640625,0.810589,0.00008996,0.5000,237.7
112,0.863410,0.981275,0.288383,0.945483,0.657072,0.806787,0.00008832,0.5000,239.8
113,0.858286,0.983210,0.287468,0.944514,0.654605,0.808591,0.00008668,0.5000,238.6
114,0.858123,0.983061,0.287908,0.945041,0.646382,0.809956,0.00008504,0.5000,237.2
115,0.856765,0.983296,0.286261,0.945574,0.652138,0.813368,0.00008340,0.5000,239.4
116,0.857930,0.983103,0.285630,0.945463,0.649671,0.811028,0.00008177,0.5000,239.3
117,0.855020,0.983823,0.275794,0.947377,0.667763,0.818341,0.00008015,0.5000,237.2
118,0.856676,0.983553,0.285065,0.946086,0.657895,0.811272,0.00007853,0.5000,238.2
119,0.855291,0.983897,0.275583,0.947726,0.662007,0.815367,0.00007692,0.5000,240.0
120,0.854307,0.984439,0.275323,0.948641,0.675164,0.816586,0.00007531,0.5000,237.9
121,0.854052,0.984237,0.283081,0.947413,0.664474,0.819024,0.00007371,0.5000,237.0
122,0.852567,0.984978,0.278917,0.947867,0.661184,0.811516,0.00007212,0.5000,232.1
123,0.849903,0.985552,0.277820,0.947127,0.663651,0.819999,0.00007053,0.5000,226.9
124,0.850299,0.985338,0.289491,0.945049,0.643092,0.806592,0.00006896,0.5000,226.6
125,0.850325,0.985441,0.281757,0.947572,0.656250,0.811467,0.00006739,0.5000,224.9
126,0.849148,0.985706,0.276289,0.949219,0.660362,0.820438,0.00006583,0.5000,225.6
127,0.847063,0.986586,0.280092,0.948055,0.653783,0.814977,0.00006428,0.5000,224.7
128,0.847514,0.986221,0.276861,0.948216,0.670230,0.821510,0.00006274,0.5000,225.8
129,0.845001,0.987026,0.284507,0.946799,0.661184,0.816489,0.00006121,0.5000,226.5
130,0.844231,0.987118,0.276951,0.948283,0.669408,0.815514,0.00005969,0.5000,225.1
131,0.845780,0.986685,0.282521,0.946627,0.652961,0.814149,0.00005818,0.5000,227.7
132,0.845093,0.987112,0.283443,0.947762,0.671875,0.819902,0.00005668,0.5000,225.4
133,0.844246,0.986973,0.278048,0.949085,0.675987,0.828872,0.00005520,0.5000,225.4
134,0.841947,0.988322,0.275286,0.948751,0.670230,0.826678,0.00005372,0.5000,226.7
135,0.841121,0.988203,0.283114,0.947793,0.671875,0.822242,0.00005226,0.5000,225.2
136,0.839920,0.988479,0.277291,0.949656,0.672697,0.824631,0.00005081,0.5000,224.1
137,0.839837,0.988670,0.275411,0.948296,0.666941,0.822534,0.00004938,0.5000,227.0
138,0.838190,0.989175,0.277521,0.949512,0.671875,0.820925,0.00004796,0.5000,224.9
139,0.839583,0.988895,0.275081,0.949450,0.671875,0.827556,0.00004655,0.5000,226.9
140,0.838387,0.989128,0.279175,0.949965,0.683388,0.829019,0.00004516,0.5000,225.8
141,0.838624,0.988883,0.278064,0.949618,0.674342,0.821120,0.00004379,0.5000,225.8
142,0.837092,0.989622,0.271505,0.950102,0.679276,0.830091,0.00004243,0.5000,227.3
143,0.835806,0.989753,0.279924,0.948365,0.670230,0.823266,0.00004108,0.5000,227.1
144,0.835572,0.989907,0.276959,0.949162,0.680099,0.832285,0.00003975,0.5000,235.0
145,0.834627,0.990293,0.271835,0.951229,0.681743,0.836234,0.00003844,0.5000,237.0
146,0.835954,0.989763,0.267392,0.952117,0.689145,0.835795,0.00003715,0.5000,235.5
147,0.835025,0.989885,0.269344,0.951440,0.681743,0.837989,0.00003587,0.5000,234.4
148,0.833459,0.990579,0.271245,0.950778,0.677632,0.828629,0.00003461,0.5000,237.0
149,0.833202,0.990743,0.270179,0.950653,0.682566,0.834674,0.00003336,0.5000,236.7
150,0.831266,0.991191,0.272261,0.950627,0.690789,0.843450,0.00003214,0.5000,234.1
151,0.833719,0.990291,0.274117,0.950786,0.678454,0.834138,0.00003093,0.5000,235.1
152,0.832181,0.990910,0.270246,0.951328,0.686678,0.829555,0.00002975,0.5000,237.0
153,0.831649,0.990957,0.266566,0.952487,0.691612,0.836575,0.00002858,0.5000,235.9
154,0.829956,0.991561,0.270912,0.951136,0.676809,0.833553,0.00002743,0.5000,237.5
155,0.830226,0.991592,0.274079,0.950938,0.681743,0.836575,0.00002630,0.5000,237.0
156,0.831322,0.991166,0.270902,0.951069,0.675164,0.824728,0.00002519,0.5000,238.4
157,0.830620,0.991360,0.269526,0.951615,0.694901,0.838136,0.00002410,0.5000,226.6
158,0.830436,0.991474,0.270994,0.951248,0.685033,0.833163,0.00002304,0.5000,223.1
159,0.829806,0.991684,0.267813,0.951943,0.689967,0.833553,0.00002199,0.5000,222.4
160,0.828764,0.991919,0.272081,0.950438,0.680921,0.827605,0.00002097,0.5000,223.0
161,0.829016,0.991828,0.270354,0.951852,0.688322,0.832334,0.00001996,0.5000,222.2
162,0.827662,0.992340,0.267972,0.952203,0.695724,0.837453,0.00001898,0.5000,222.3
163,0.826189,0.992814,0.269624,0.952939,0.694079,0.836771,0.00001802,0.5000,221.4
164,0.828079,0.992134,0.270162,0.952033,0.688322,0.834918,0.00001709,0.5000,222.0
165,0.826687,0.992758,0.268246,0.952618,0.689967,0.833406,0.00001617,0.5000,222.5
166,0.826845,0.992597,0.268199,0.952728,0.691612,0.837551,0.00001528,0.5000,224.7
167,0.825889,0.992811,0.271264,0.952210,0.689145,0.831359,0.00001442,0.5000,316.2
168,0.825918,0.992839,0.269551,0.952471,0.689145,0.836527,0.00001357,0.5000,330.7
169,0.822990,0.993887,0.268423,0.953198,0.693257,0.842329,0.00001275,0.5000,340.7
170,0.824913,0.993154,0.268330,0.952265,0.691612,0.837892,0.00001196,0.5000,329.0
171,0.825491,0.992933,0.265613,0.953992,0.694901,0.840378,0.00001118,0.5000,323.4
172,0.824582,0.993225,0.265582,0.952835,0.690789,0.832578,0.00001043,0.5000,234.7
173,0.823770,0.993388,0.265196,0.953084,0.694079,0.833309,0.00000971,0.5000,231.1
174,0.822867,0.993765,0.266377,0.952885,0.694901,0.835162,0.00000901,0.5000,233.6
175,0.822945,0.993805,0.263477,0.954209,0.708059,0.839452,0.00000834,0.5000,240.4
176,0.822918,0.993701,0.265857,0.952440,0.692434,0.831359,0.00000769,0.5000,238.2
177,0.823429,0.993481,0.264224,0.952870,0.694901,0.835893,0.00000707,0.5000,237.7
178,0.823687,0.993586,0.265496,0.952791,0.691612,0.837941,0.00000647,0.5000,235.9
179,0.823268,0.993547,0.264685,0.953272,0.694079,0.836819,0.00000589,0.5000,234.4
180,0.823714,0.993413,0.264788,0.953395,0.697368,0.833601,0.00000535,0.5000,237.5
181,0.821983,0.993963,0.263125,0.954012,0.702303,0.840963,0.00000483,0.5000,236.8
182,0.821907,0.993984,0.264097,0.953821,0.699836,0.838526,0.00000433,0.5000,235.1
183,0.820553,0.994488,0.263976,0.953588,0.699013,0.837356,0.00000386,0.5000,235.6
184,0.821450,0.994123,0.264567,0.953280,0.694901,0.838282,0.00000342,0.5000,236.3
185,0.822887,0.993863,0.262191,0.953978,0.699836,0.837063,0.00000301,0.5000,234.5
186,0.822405,0.993791,0.262554,0.953080,0.695724,0.841305,0.00000262,0.5000,235.3
187,0.822665,0.993701,0.264219,0.953224,0.692434,0.840086,0.00000225,0.5000,235.7
188,0.821616,0.994044,0.262096,0.953940,0.700658,0.840281,0.00000192,0.5000,234.6
189,0.822713,0.993864,0.263822,0.953835,0.697368,0.843206,0.00000161,0.5000,234.2
190,0.821828,0.994006,0.262711,0.953910,0.700658,0.843596,0.00000133,0.5000,236.0
191,0.822588,0.993772,0.262119,0.953710,0.702303,0.843255,0.00000107,0.5000,235.7
192,0.821898,0.993884,0.262889,0.953168,0.694079,0.841646,0.00000100,0.5000,235.2
193,0.822006,0.994130,0.262892,0.953449,0.699013,0.837453,0.00000100,0.5000,236.4
194,0.822109,0.994231,0.263096,0.953544,0.698191,0.837502,0.00000100,0.5000,237.1
195,0.821347,0.994413,0.262254,0.953740,0.699013,0.841451,0.00000100,0.5000,235.0
196,0.821646,0.994049,0.263712,0.953718,0.701480,0.838331,0.00000100,0.5000,235.8
197,0.821846,0.994098,0.263226,0.953986,0.702303,0.838964,0.00000100,0.5000,236.9
198,0.822255,0.993969,0.263228,0.953912,0.701480,0.840476,0.00000100,0.5000,236.9
199,0.821806,0.994082,0.263779,0.953643,0.699836,0.839940,0.00000100,0.5000,259.4
200,0.821002,0.994368,0.263561,0.953907,0.703947,0.843304,0.00000100,0.5000,257.1
201,0.817018,0.995753,0.263280,0.953793,0.699013,0.843109,0.00000100,0.5000,582.0
202,0.819806,0.994960,0.263072,0.953725,0.700658,0.845741,0.00000100,0.5000,588.4
epoch,train_loss,train_tok_acc,val_loss,val_tok_acc,val_seq_acc,val_tok_acc_decode,lr,tf_ratio,time
epoch,train_loss,train_tok_acc,val_loss,val_tok_acc,val_seq_acc,val_tok_acc_decode,lr,tf_ratio,time
1,3.453322,0.290532,4.358831,0.238042,0.000000,0.068932,0.00002000,1.0000,1106.5
2,2.764910,0.430234,3.791496,0.284562,0.000259,0.113156,0.00004001,1.0000,750.0
3,2.532288,0.489700,3.316208,0.343520,0.003891,0.171246,0.00006001,1.0000,704.7
4,2.323753,0.542781,2.755917,0.438141,0.023865,0.237531,0.00008002,1.0000,628.7
5,2.056682,0.619959,2.147776,0.560433,0.123476,0.372714,0.00010002,1.0000,664.1
6,1.796620,0.700965,1.641527,0.665498,0.263554,0.463502,0.00012003,1.0000,602.1
7,1.630488,0.753059,1.425280,0.710798,0.323995,0.511073,0.00014003,1.0000,639.4
8,1.529059,0.782620,1.273159,0.738792,0.377173,0.552497,0.00016004,1.0000,643.6
9,1.462005,0.801637,1.193775,0.751668,0.389364,0.566004,0.00018004,1.0000,630.1
10,1.415827,0.815447,1.184886,0.764355,0.396368,0.593443,0.00020000,1.0000,643.7
11,1.373991,0.826937,1.007476,0.792605,0.439170,0.622607,0.00019999,1.0000,643.2
12,1.330236,0.840034,0.970534,0.808359,0.475227,0.649535,0.00019995,1.0000,650.4
13,1.292586,0.851099,0.934994,0.813971,0.468482,0.654145,0.00019988,1.0000,625.8
14,1.260002,0.860794,0.817695,0.835372,0.514656,0.681875,0.00019978,1.0000,640.7
15,1.231512,0.869578,0.823701,0.835581,0.513359,0.685546,0.00019966,1.0000,620.6
16,1.204528,0.877744,0.744794,0.850372,0.540078,0.713703,0.00019951,1.0000,649.8
17,1.183608,0.883713,0.708808,0.857031,0.554345,0.720891,0.00019933,1.0000,623.5
18,1.164258,0.889582,0.700601,0.860751,0.553048,0.726680,0.00019913,1.0000,624.7
19,1.149779,0.894371,0.644873,0.872712,0.595331,0.738905,0.00019889,1.0000,631.9
20,1.131860,0.899411,0.670548,0.870677,0.589624,0.736549,0.00019863,1.0000,613.6
21,1.119811,0.903178,0.629689,0.878092,0.608042,0.753846,0.00019835,1.0000,645.8
22,1.107415,0.907180,0.610233,0.882675,0.604150,0.759156,0.00019804,1.0000,622.5
23,1.095963,0.910171,0.590215,0.885454,0.612451,0.764655,0.00019770,1.0000,628.0
24,1.083608,0.913925,0.607189,0.881826,0.609857,0.766106,0.00019733,1.0000,636.2
25,1.078083,0.915839,0.594481,0.885575,0.624384,0.771024,0.00019694,1.0000,624.0
26,1.068815,0.918349,0.560945,0.891717,0.625681,0.768223,0.00019652,1.0000,641.4
27,1.062709,0.920400,0.541009,0.895361,0.646174,0.789806,0.00019607,1.0000,622.5
28,1.054065,0.922606,0.553682,0.895057,0.627756,0.784103,0.00019560,1.0000,626.3
29,1.049221,0.924420,0.529954,0.898585,0.639429,0.786545,0.00019510,1.0000,631.9
30,1.042620,0.926479,0.524384,0.900107,0.652659,0.790950,0.00019458,1.0000,624.4
31,1.041359,0.926387,0.516897,0.903040,0.661997,0.796243,0.00019403,1.0000,645.0
32,1.032036,0.929404,0.488134,0.908462,0.675746,0.804713,0.00019345,1.0000,616.6
33,1.028008,0.930300,0.487486,0.907172,0.674449,0.802254,0.00019285,1.0000,627.9
34,1.023298,0.932006,0.476221,0.910690,0.681712,0.811457,0.00019222,1.0000,632.1
35,1.019730,0.933336,0.515182,0.902733,0.647990,0.806642,0.00019157,1.0000,621.5
36,1.018404,0.933387,0.485418,0.908874,0.674708,0.809767,0.00019089,1.0000,644.4
37,1.012028,0.935343,0.458702,0.914096,0.684047,0.818390,0.00019019,1.0000,619.4
38,1.009762,0.936074,0.442400,0.917938,0.699092,0.831094,0.00018947,1.0000,630.8
39,1.004888,0.937823,0.446581,0.917096,0.694942,0.817707,0.00018872,1.0000,631.4
40,1.001529,0.938666,0.448648,0.916477,0.687160,0.822198,0.00018794,1.0000,620.0
41,0.998322,0.939532,0.408380,0.924743,0.714137,0.838726,0.00018714,1.0000,640.9
42,0.995176,0.940280,0.430054,0.920209,0.699611,0.829028,0.00018632,1.0000,618.0
43,0.992190,0.941350,0.431748,0.921173,0.705318,0.835106,0.00018547,1.0000,632.8
44,0.990681,0.941653,0.436309,0.919295,0.692866,0.822812,0.00018460,1.0000,631.2
45,0.987267,0.942753,0.411009,0.924736,0.719585,0.837189,0.00018371,1.0000,619.6
46,0.985681,0.943245,0.401141,0.927202,0.716732,0.845573,0.00018279,1.0000,637.0
47,0.982305,0.944113,0.442270,0.919279,0.709468,0.834065,0.00018185,1.0000,617.3
48,0.982934,0.944029,0.430131,0.922356,0.701427,0.839460,0.00018089,1.0000,633.2
49,0.980046,0.944607,0.413892,0.924990,0.716213,0.840058,0.00017991,1.0000,626.5
50,0.977157,0.945505,0.391263,0.929431,0.725811,0.848391,0.00017890,1.0000,622.5
51,1.031584,0.933058,0.362517,0.928359,0.711803,0.843234,0.00017788,0.7000,682.8
52,1.026279,0.934337,0.352223,0.930767,0.719326,0.846615,0.00017683,0.7000,666.4
53,1.022031,0.935470,0.360527,0.929419,0.710765,0.844993,0.00017576,0.7000,671.0
54,1.020801,0.935815,0.342948,0.931749,0.707393,0.848766,0.00017467,0.7000,684.4
55,1.017210,0.936672,0.345940,0.932513,0.722438,0.849893,0.00017356,0.7000,663.0
56,1.017998,0.936445,0.339373,0.934268,0.726329,0.844685,0.00017243,0.7000,674.3
57,1.013212,0.937889,0.336339,0.935321,0.736706,0.854299,0.00017128,0.7000,681.8
58,1.010984,0.938400,0.350654,0.931967,0.722957,0.852745,0.00017011,0.7000,657.8
59,1.009540,0.939435,0.325364,0.937169,0.734890,0.862529,0.00016892,0.7000,675.9
60,1.007106,0.939346,0.333278,0.936185,0.727367,0.855750,0.00016771,0.7000,663.8
61,1.003190,0.940722,0.355641,0.932675,0.718807,0.843780,0.00016649,0.7000,660.2
62,1.001053,0.941113,0.315298,0.939676,0.743450,0.870264,0.00016524,0.7000,677.3
63,1.000252,0.941181,0.327344,0.937333,0.735927,0.861299,0.00016398,0.7000,685.8
64,0.998117,0.942152,0.324767,0.937573,0.743450,0.858516,0.00016270,0.7000,676.2
65,0.999157,0.941602,0.332283,0.936146,0.731258,0.853547,0.00016140,0.7000,679.8
66,0.993321,0.943603,0.311918,0.940065,0.739559,0.861709,0.00016009,0.7000,686.7
67,0.992903,0.943612,0.328685,0.936760,0.731518,0.853855,0.00015876,0.7000,643.7
68,0.988834,0.944377,0.304821,0.942331,0.742672,0.872057,0.00015741,0.7000,649.6
69,0.989021,0.944661,0.327999,0.937013,0.736446,0.858106,0.00015605,0.7000,653.3
70,0.987331,0.945524,0.313107,0.940561,0.742931,0.869103,0.00015467,0.7000,669.5
71,0.984661,0.946144,0.308106,0.941639,0.750195,0.868334,0.00015328,0.7000,683.8
72,0.984632,0.945911,0.305832,0.941852,0.749157,0.873081,0.00015187,0.7000,678.4
73,0.982790,0.946546,0.323952,0.938766,0.742153,0.862307,0.00015045,0.7000,678.6
74,0.977657,0.948159,0.308341,0.940729,0.741115,0.867566,0.00014902,0.7000,667.4
75,0.980142,0.947332,0.309468,0.941153,0.741115,0.866832,0.00014757,0.7000,680.5
76,0.973697,0.949227,0.329501,0.938011,0.738003,0.857184,0.00014611,0.7000,675.8
77,0.975319,0.948464,0.305102,0.942553,0.749416,0.871732,0.00014463,0.7000,666.1
78,0.972277,0.949467,0.318195,0.941191,0.745266,0.866934,0.00014315,0.7000,687.5
79,0.969946,0.950134,0.291294,0.945924,0.762646,0.880150,0.00014165,0.7000,732.3
80,0.969137,0.950724,0.304229,0.943360,0.750195,0.871937,0.00014014,0.7000,757.6
81,0.968707,0.950758,0.300119,0.944362,0.756161,0.878887,0.00013862,0.7000,745.2
82,0.965507,0.951379,0.295431,0.944701,0.759533,0.876701,0.00013709,0.7000,732.5
83,0.964338,0.952003,0.296060,0.944469,0.762905,0.877726,0.00013555,0.7000,781.5
84,0.962073,0.952670,0.284825,0.947391,0.768612,0.882353,0.00013400,0.7000,790.2
85,0.960976,0.952930,0.301433,0.943254,0.750713,0.873764,0.00013244,0.7000,786.1
86,0.960178,0.953125,0.291746,0.946148,0.764202,0.878272,0.00013087,0.7000,715.5
87,0.958886,0.953423,0.298130,0.944577,0.755383,0.877418,0.00012929,0.7000,708.2
88,0.955589,0.954476,0.282926,0.947850,0.763424,0.885768,0.00012771,0.7000,772.9
89,0.955136,0.954537,0.290489,0.945394,0.764721,0.880526,0.00012612,0.7000,798.1
90,0.954828,0.954744,0.287246,0.946642,0.758755,0.876291,0.00012452,0.7000,794.0
91,0.952182,0.955476,0.305382,0.943579,0.764981,0.875899,0.00012291,0.7000,792.6
92,0.948773,0.956202,0.288834,0.946680,0.772503,0.881619,0.00012130,0.7000,826.2
93,0.946454,0.957068,0.287118,0.947889,0.766796,0.883121,0.00011968,0.7000,841.2
94,0.948330,0.956576,0.279354,0.949318,0.775875,0.887868,0.00011805,0.7000,808.0
95,0.944253,0.957900,0.289940,0.947123,0.765240,0.876052,0.00011642,0.7000,820.5
96,0.942363,0.958359,0.291046,0.946412,0.765240,0.882268,0.00011479,0.7000,851.8
97,0.940703,0.958874,0.271504,0.950527,0.774319,0.892393,0.00011315,0.7000,780.2
98,0.937288,0.959695,0.280719,0.948371,0.768612,0.886912,0.00011151,0.7000,656.1
99,0.940439,0.958875,0.275444,0.950064,0.769390,0.888978,0.00010987,0.7000,654.5
100,0.934702,0.960532,0.271543,0.950613,0.778988,0.891556,0.00010822,0.7000,657.0
101,0.949207,0.956839,0.272957,0.948561,0.760311,0.886588,0.00010657,0.5000,736.9
102,0.950876,0.956347,0.274906,0.949791,0.778470,0.887766,0.00010492,0.5000,787.0
103,0.950712,0.956583,0.283169,0.948359,0.772503,0.879348,0.00010327,0.5000,792.8
104,0.946581,0.957769,0.279798,0.948463,0.769131,0.883804,0.00010161,0.5000,794.5
105,0.945525,0.957897,0.275768,0.948708,0.770947,0.886622,0.00009996,0.5000,834.3
106,0.944790,0.958044,0.267177,0.951151,0.776135,0.892598,0.00009831,0.5000,825.5
107,0.941654,0.959103,0.265194,0.952433,0.777173,0.892991,0.00009665,0.5000,873.6
108,0.942523,0.958987,0.259059,0.952938,0.779248,0.892820,0.00009500,0.5000,889.6
109,0.940412,0.959399,0.261754,0.951660,0.781064,0.893093,0.00009335,0.5000,857.1
110,0.936823,0.960662,0.265958,0.951814,0.777951,0.891334,0.00009170,0.5000,838.6
111,0.933568,0.961398,0.268195,0.951948,0.780804,0.890634,0.00009005,0.5000,876.7
112,0.931977,0.961677,0.262513,0.952588,0.784695,0.893742,0.00008841,0.5000,865.2
113,0.930524,0.962351,0.263701,0.952915,0.785992,0.895501,0.00008677,0.5000,805.9
114,0.928773,0.963056,0.253038,0.953813,0.789364,0.900948,0.00008513,0.5000,752.8
115,0.930278,0.962159,0.263868,0.953591,0.783658,0.895996,0.00008350,0.5000,756.0
116,0.928109,0.962937,0.256856,0.953846,0.790402,0.893964,0.00008187,0.5000,763.0
117,0.925941,0.963760,0.255706,0.953906,0.784955,0.896286,0.00008024,0.5000,742.7
118,0.923236,0.964354,0.248557,0.955678,0.793256,0.903475,0.00007863,0.5000,723.3
119,0.922700,0.964687,0.253736,0.953973,0.786770,0.897174,0.00007701,0.5000,720.4
120,0.919439,0.965391,0.254012,0.954680,0.779248,0.900128,0.00007541,0.5000,730.2
121,0.920327,0.965427,0.250257,0.956064,0.796887,0.904670,0.00007381,0.5000,718.4
122,0.917726,0.965916,0.254159,0.955730,0.786511,0.898745,0.00007222,0.5000,690.7
123,0.917038,0.966313,0.254723,0.955385,0.791958,0.902416,0.00007063,0.5000,662.3
124,0.912666,0.967400,0.255558,0.955427,0.790143,0.903680,0.00006905,0.5000,660.4
125,0.912259,0.967727,0.246978,0.956763,0.800519,0.904072,0.00006748,0.5000,687.8
126,0.909781,0.968313,0.246462,0.957125,0.805188,0.904960,0.00006593,0.5000,669.4
127,0.905507,0.969623,0.247552,0.957140,0.800259,0.902655,0.00006438,0.5000,720.6
128,0.906953,0.969110,0.252355,0.956215,0.795071,0.902399,0.00006283,0.5000,684.0
129,0.904571,0.969758,0.250707,0.956842,0.793515,0.905063,0.00006130,0.5000,695.8
130,0.902924,0.970298,0.250738,0.957099,0.795071,0.903970,0.00005979,0.5000,674.2
131,0.903626,0.970086,0.245435,0.957440,0.791699,0.903663,0.00005828,0.5000,677.6
132,0.901398,0.970878,0.247556,0.957354,0.795331,0.904465,0.00005678,0.5000,690.7
133,0.896660,0.971966,0.242045,0.957686,0.800778,0.905558,0.00005529,0.5000,671.0
134,0.900251,0.971189,0.239763,0.958249,0.802075,0.909451,0.00005382,0.5000,670.1
135,0.896432,0.972262,0.239344,0.959203,0.806744,0.908444,0.00005236,0.5000,683.3
136,0.897770,0.971938,0.242465,0.958483,0.803632,0.907351,0.00005091,0.5000,675.6
137,0.895265,0.972490,0.238490,0.958868,0.805447,0.906019,0.00004948,0.5000,666.1
138,0.893467,0.973085,0.250003,0.956833,0.799222,0.901170,0.00004806,0.5000,680.9
139,0.892760,0.973283,0.242450,0.958001,0.801038,0.908905,0.00004665,0.5000,679.5
140,0.889881,0.974221,0.236575,0.959720,0.805188,0.908068,0.00004526,0.5000,666.0
141,0.887984,0.974688,0.239018,0.959969,0.809598,0.905934,0.00004388,0.5000,680.8
142,0.887076,0.975022,0.235352,0.960368,0.808560,0.910885,0.00004252,0.5000,678.2
143,0.886015,0.975375,0.237656,0.959447,0.800519,0.908495,0.00004118,0.5000,667.9
144,0.884519,0.975781,0.237507,0.960042,0.812451,0.911295,0.00003985,0.5000,677.9
145,0.882814,0.976329,0.238909,0.959794,0.807523,0.911381,0.00003854,0.5000,682.5
146,0.881694,0.976530,0.242634,0.959425,0.805707,0.908000,0.00003724,0.5000,671.4
147,0.880131,0.977236,0.226441,0.961948,0.815824,0.913327,0.00003596,0.5000,677.5
148,0.878051,0.977562,0.233076,0.960797,0.816083,0.910988,0.00003470,0.5000,684.8
149,0.877403,0.977864,0.231584,0.961462,0.812970,0.916332,0.00003346,0.5000,673.0
150,0.876663,0.978168,0.225438,0.962188,0.818936,0.917067,0.00003223,0.5000,676.9
151,0.875152,0.978457,0.231776,0.960747,0.814267,0.911056,0.00003102,0.5000,690.2
152,0.875252,0.978658,0.233933,0.960944,0.812192,0.915205,0.00002984,0.5000,671.2
153,0.872367,0.979562,0.225246,0.962536,0.823087,0.919098,0.00002867,0.5000,667.8
154,0.871975,0.979461,0.230480,0.962059,0.813489,0.915274,0.00002752,0.5000,676.3
155,0.869037,0.980233,0.222567,0.963079,0.819715,0.921096,0.00002639,0.5000,673.2
156,0.871597,0.979701,0.229417,0.962096,0.818936,0.916742,0.00002528,0.5000,664.3
157,0.867597,0.981022,0.234516,0.961694,0.816861,0.908768,0.00002419,0.5000,670.0
158,0.867129,0.980890,0.223905,0.963235,0.821012,0.916981,0.00002312,0.5000,681.8
159,0.866915,0.981023,0.223075,0.963366,0.818418,0.916537,0.00002207,0.5000,676.8
160,0.863985,0.981880,0.221268,0.963639,0.821530,0.919764,0.00002105,0.5000,665.5
161,0.864226,0.981847,0.227257,0.962910,0.819455,0.919081,0.00002004,0.5000,685.8
162,0.864808,0.981668,0.230784,0.962032,0.818418,0.917340,0.00001906,0.5000,676.6
163,0.864085,0.982002,0.223713,0.963402,0.822309,0.919081,0.00001810,0.5000,669.8
164,0.860542,0.983048,0.222763,0.963937,0.821012,0.919901,0.00001716,0.5000,682.9
165,0.858243,0.983601,0.222667,0.963951,0.823346,0.918108,0.00001625,0.5000,673.7
166,0.860775,0.982743,0.221672,0.964248,0.826459,0.921677,0.00001536,0.5000,664.7
167,0.860969,0.982940,0.223889,0.963748,0.821530,0.920840,0.00001449,0.5000,676.7
168,0.858086,0.983581,0.218327,0.964746,0.824643,0.919577,0.00001364,0.5000,677.2
169,0.856386,0.984134,0.220109,0.964942,0.826978,0.921557,0.00001282,0.5000,665.0
170,0.857101,0.983923,0.220711,0.964462,0.827237,0.920396,0.00001202,0.5000,679.4
171,0.857002,0.983961,0.221013,0.964582,0.826200,0.919577,0.00001125,0.5000,679.2
172,0.854726,0.984610,0.218855,0.965093,0.826200,0.921096,0.00001050,0.5000,668.9
173,0.854893,0.984730,0.221971,0.964239,0.819715,0.919850,0.00000977,0.5000,678.9
174,0.856126,0.984391,0.226090,0.963426,0.823346,0.919696,0.00000907,0.5000,682.7
175,0.852486,0.985311,0.225879,0.964072,0.825681,0.919645,0.00000840,0.5000,671.0
176,0.852579,0.985167,0.222273,0.964745,0.828016,0.921591,0.00000775,0.5000,673.6
177,0.850170,0.985916,0.222329,0.964576,0.823346,0.920328,0.00000712,0.5000,686.7
178,0.851871,0.985550,0.221862,0.965085,0.828275,0.923384,0.00000652,0.5000,671.4
179,0.850174,0.986040,0.220036,0.964955,0.826978,0.923231,0.00000594,0.5000,677.4
180,0.849253,0.986247,0.217601,0.965442,0.830350,0.925263,0.00000540,0.5000,693.2
181,0.849640,0.986168,0.220363,0.965070,0.828794,0.921028,0.00000487,0.5000,673.4
182,0.848227,0.986500,0.215632,0.965675,0.829053,0.925194,0.00000438,0.5000,669.7
183,0.849426,0.986213,0.214730,0.966043,0.831647,0.924631,0.00000391,0.5000,689.1
184,0.847894,0.986633,0.216682,0.965436,0.830610,0.920464,0.00000346,0.5000,683.5
185,0.848111,0.986599,0.217930,0.965635,0.829572,0.921608,0.00000304,0.5000,669.4
186,0.847540,0.986841,0.217528,0.965214,0.826200,0.921028,0.00000265,0.5000,690.0
187,0.848184,0.986475,0.216521,0.966103,0.829831,0.923521,0.00000229,0.5000,683.9
188,0.847574,0.986751,0.214832,0.966216,0.830869,0.925160,0.00000195,0.5000,824.0
189,0.848114,0.986601,0.216262,0.966034,0.830869,0.925365,0.00000164,0.5000,745.9
190,0.844881,0.987569,0.214931,0.965965,0.829831,0.923487,0.00000135,0.5000,744.6
191,0.845840,0.987228,0.217072,0.965782,0.831907,0.924238,0.00000109,0.5000,744.4
192,0.846525,0.987035,0.216037,0.965772,0.828275,0.924699,0.00000100,0.5000,749.3
193,0.847486,0.986784,0.215801,0.965604,0.830091,0.923214,0.00000100,0.5000,743.7
194,0.846998,0.986876,0.214217,0.965732,0.828794,0.924528,0.00000100,0.5000,743.5
195,0.846360,0.987102,0.217179,0.965592,0.829313,0.925433,0.00000100,0.5000,784.2
196,0.847243,0.986701,0.218229,0.965418,0.828275,0.923453,0.00000100,0.5000,820.5
197,0.843951,0.987729,0.217040,0.965652,0.829572,0.924631,0.00000100,0.5000,787.9
198,0.844301,0.987633,0.217447,0.965477,0.829313,0.923333,0.00000100,0.5000,872.5
199,0.845224,0.987381,0.217646,0.965916,0.832425,0.924067,0.00000100,0.5000,871.0
200,0.845265,0.987422,0.216355,0.965952,0.831128,0.924272,0.00000100,0.5000,876.1
epoch,train_loss,train_tok_acc,val_loss,val_tok_acc,val_seq_acc,val_tok_acc_decode,lr,tf_ratio,time
epoch,train_loss,train_tok_acc,val_loss,val_tok_acc,val_seq_acc,val_tok_acc_decode,lr,tf_ratio,time
epoch,train_loss,train_tok_acc,val_loss,val_tok_acc,val_seq_acc,val_tok_acc_decode,lr,tf_ratio,time
epoch,train_loss,train_tok_acc,val_loss,val_tok_acc,val_seq_acc,val_tok_acc_decode,lr,tf_ratio,time
1,3.586936,0.264238,4.204704,0.250857,0.000249,0.071542,0.00002000,1.0000,1155.9
2,2.719727,0.439037,3.609623,0.315286,0.001995,0.141729,0.00004000,1.0000,969.6
3,2.476773,0.502873,3.108479,0.389907,0.010971,0.219527,0.00006000,1.0000,806.4
4,2.261572,0.560826,2.565902,0.481893,0.051240,0.307710,0.00008000,1.0000,719.6
5,1.990792,0.637332,1.848334,0.621353,0.209326,0.461692,0.00010000,1.0000,643.1
6,1.690699,0.734553,1.387399,0.716675,0.362424,0.571208,0.00012000,1.0000,632.0
7,1.509487,0.791970,1.122544,0.769804,0.439097,0.634034,0.00014000,1.0000,634.0
8,1.401359,0.823010,0.977024,0.801424,0.493205,0.667298,0.00016000,1.0000,633.6
9,1.327543,0.844127,0.854168,0.826811,0.535345,0.701153,0.00018000,1.0000,631.7
10,1.271201,0.860756,0.814475,0.837738,0.564269,0.711259,0.00020000,1.0000,629.1
11,1.226309,0.873833,0.709999,0.857194,0.589328,0.739170,0.00019999,1.0000,621.8
12,1.187576,0.884921,0.648461,0.871517,0.622740,0.768012,0.00019995,1.0000,633.7
13,1.156522,0.893956,0.617275,0.878744,0.646927,0.774251,0.00019988,1.0000,631.6
14,1.132856,0.900664,0.611200,0.879896,0.623114,0.774859,0.00019978,1.0000,630.8
15,1.111607,0.906903,0.529226,0.895943,0.674105,0.798434,0.00019966,1.0000,632.9
16,1.092330,0.912917,0.535220,0.895738,0.672983,0.802310,0.00019951,1.0000,626.9
17,1.078566,0.916726,0.535191,0.895522,0.661015,0.802484,0.00019933,1.0000,631.7
18,1.065841,0.920526,0.538540,0.897049,0.671487,0.805638,0.00019913,1.0000,637.7
19,1.053719,0.923893,0.474543,0.908915,0.696547,0.820584,0.00019889,1.0000,627.0
20,1.042579,0.927326,0.436632,0.916154,0.714998,0.834757,0.00019864,1.0000,620.7
21,1.033409,0.929974,0.438348,0.915953,0.709762,0.831307,0.00019835,1.0000,633.1
22,1.024859,0.932436,0.483832,0.908130,0.705274,0.821166,0.00019804,1.0000,635.6
23,1.017243,0.934636,0.426767,0.919559,0.728338,0.839223,0.00019770,1.0000,624.0
24,1.011336,0.936573,0.397802,0.925082,0.738561,0.850077,0.00019733,1.0000,619.0
25,1.003932,0.938945,0.433629,0.919484,0.726468,0.843864,0.00019694,1.0000,628.5
26,0.997800,0.940303,0.433239,0.918470,0.715621,0.841570,0.00019652,1.0000,633.9
27,0.993609,0.941676,0.421537,0.920164,0.713876,0.838945,0.00019608,1.0000,621.1
28,0.986320,0.943721,0.404730,0.923882,0.724224,0.850060,0.00019560,1.0000,615.5
29,0.982064,0.945187,0.404241,0.924209,0.733325,0.851884,0.00019511,1.0000,631.7
30,0.977686,0.946329,0.395619,0.926206,0.736816,0.858115,0.00019458,1.0000,628.0
31,0.972363,0.947867,0.380923,0.929000,0.743424,0.860478,0.00019403,1.0000,625.0
32,0.968327,0.949081,0.371057,0.931615,0.747787,0.859279,0.00019346,1.0000,622.0
33,0.965912,0.949876,0.369271,0.930804,0.756265,0.870333,0.00019286,1.0000,626.0
34,0.960934,0.951116,0.355111,0.935073,0.766987,0.871992,0.00019223,1.0000,628.8
35,0.956730,0.952487,0.364574,0.930703,0.737938,0.864710,0.00019158,1.0000,626.2
36,0.954603,0.953207,0.341243,0.937480,0.768732,0.875468,0.00019090,1.0000,620.5
37,0.950744,0.954256,0.368568,0.932248,0.752649,0.870333,0.00019020,1.0000,617.7
38,0.947898,0.955066,0.343120,0.936651,0.763246,0.878735,0.00018947,1.0000,628.6
39,0.945216,0.955789,0.342819,0.938116,0.775464,0.877693,0.00018872,1.0000,629.3
40,0.942006,0.956691,0.355263,0.936367,0.765241,0.877710,0.00018795,1.0000,622.2
41,0.940152,0.957460,0.329908,0.940292,0.777210,0.883593,0.00018715,1.0000,617.3
42,0.937878,0.958127,0.333926,0.939820,0.777584,0.881812,0.00018633,1.0000,624.1
43,0.935925,0.958589,0.320119,0.942129,0.778207,0.885713,0.00018548,1.0000,630.3
44,0.933003,0.959439,0.331750,0.939714,0.765241,0.880891,0.00018461,1.0000,620.9
45,0.929448,0.960632,0.329020,0.941033,0.781573,0.885870,0.00018372,1.0000,622.5
46,0.928894,0.960852,0.324354,0.941071,0.778581,0.887321,0.00018280,1.0000,631.8
47,0.926475,0.961408,0.325403,0.940661,0.769729,0.885148,0.00018186,1.0000,636.8
48,0.924393,0.962116,0.327755,0.941218,0.778955,0.887868,0.00018090,1.0000,633.7
49,0.922800,0.962538,0.311193,0.944081,0.793043,0.889936,0.00017992,1.0000,628.7
50,0.920591,0.963279,0.314504,0.944598,0.796285,0.893508,0.00017891,1.0000,627.6
51,0.955180,0.955201,0.287139,0.944800,0.783693,0.882203,0.00017789,0.7000,656.1
52,0.952362,0.956057,0.280240,0.945247,0.778581,0.884618,0.00017684,0.7000,645.1
53,0.948388,0.956949,0.290386,0.944058,0.778332,0.889293,0.00017577,0.7000,641.0
54,0.947567,0.957272,0.272472,0.946914,0.784690,0.891970,0.00017468,0.7000,644.9
55,0.945055,0.957692,0.258890,0.950339,0.801396,0.895637,0.00017357,0.7000,655.4
56,0.942519,0.958382,0.244634,0.953097,0.811370,0.901867,0.00017244,0.7000,647.9
57,0.941874,0.958672,0.275085,0.947474,0.790051,0.891596,0.00017129,0.7000,645.1
58,0.937697,0.959927,0.240031,0.954137,0.810497,0.901476,0.00017012,0.7000,649.1
59,0.937831,0.959704,0.251241,0.951977,0.804513,0.900303,0.00016894,0.7000,644.4
60,0.936078,0.960344,0.241200,0.954111,0.807131,0.904900,0.00016773,0.7000,642.7
61,0.932510,0.961378,0.239259,0.954069,0.811370,0.905543,0.00016650,0.7000,643.5
62,0.930106,0.962000,0.246453,0.952909,0.808253,0.904848,0.00016526,0.7000,637.4
63,0.929782,0.962298,0.249217,0.951915,0.806633,0.902789,0.00016400,0.7000,671.0
64,0.928098,0.962670,0.259111,0.950632,0.804513,0.897123,0.00016272,0.7000,655.3
65,0.925340,0.963321,0.248959,0.952227,0.799776,0.905404,0.00016142,0.7000,650.8
66,0.925469,0.963535,0.235762,0.955199,0.807505,0.905786,0.00016011,0.7000,637.7
67,0.922918,0.964202,0.238275,0.954752,0.809001,0.904492,0.00015878,0.7000,657.8
68,0.922954,0.964151,0.243709,0.953740,0.816232,0.903527,0.00015743,0.7000,660.3
69,0.920867,0.964793,0.228506,0.956554,0.813864,0.907724,0.00015607,0.7000,643.0
70,0.919621,0.965013,0.241375,0.954792,0.807256,0.901581,0.00015469,0.7000,638.2
71,0.917788,0.965565,0.237525,0.955209,0.808752,0.907672,0.00015330,0.7000,948.8
72,0.916362,0.965900,0.217846,0.959485,0.823713,0.913963,0.00015190,0.7000,1023.1
73,0.914954,0.966404,0.230336,0.957536,0.826456,0.910496,0.00015048,0.7000,964.7
74,0.913525,0.966718,0.239490,0.955354,0.799152,0.906143,0.00014904,0.7000,644.5
75,0.912521,0.966992,0.233571,0.955677,0.806134,0.909062,0.00014759,0.7000,644.6
76,0.909862,0.967963,0.229835,0.957619,0.816108,0.914676,0.00014613,0.7000,636.6
77,0.909060,0.968069,0.233483,0.956719,0.807007,0.910748,0.00014466,0.7000,643.8
78,0.908178,0.968446,0.234862,0.956218,0.804887,0.910088,0.00014318,0.7000,649.1
79,0.905683,0.969103,0.238934,0.956365,0.815110,0.907455,0.00014168,0.7000,642.9
80,0.906297,0.968931,0.237586,0.955638,0.801646,0.906708,0.00014017,0.7000,651.6
81,0.905934,0.968924,0.228489,0.958031,0.816731,0.909540,0.00013865,0.7000,645.4
82,0.903923,0.969721,0.232154,0.957246,0.801147,0.911774,0.00013712,0.7000,648.3
83,0.902560,0.969923,0.215038,0.960198,0.824211,0.915736,0.00013558,0.7000,637.2
84,0.900280,0.970676,0.226581,0.958655,0.817354,0.913546,0.00013403,0.7000,637.2
85,0.901521,0.970379,0.230422,0.958125,0.808378,0.908567,0.00013247,0.7000,643.8
86,0.899730,0.970765,0.213960,0.960589,0.824461,0.916440,0.00013090,0.7000,648.0
87,0.896761,0.971763,0.227941,0.958599,0.814487,0.910679,0.00012933,0.7000,660.4
88,0.897456,0.971546,0.226101,0.958986,0.820970,0.911139,0.00012774,0.7000,659.8
89,0.895041,0.972204,0.226164,0.959234,0.817728,0.912851,0.00012615,0.7000,645.5
90,0.896061,0.971881,0.222727,0.958753,0.809375,0.913216,0.00012455,0.7000,713.3
91,0.893030,0.972790,0.214012,0.961284,0.831941,0.919534,0.00012294,0.7000,1067.5
92,0.893857,0.972477,0.222493,0.959898,0.821967,0.916240,0.00012133,0.7000,901.3
93,0.892127,0.972974,0.235007,0.957881,0.805635,0.909949,0.00011971,0.7000,643.6
94,0.891393,0.973352,0.226839,0.959721,0.820721,0.912921,0.00011809,0.7000,638.0
95,0.888360,0.974236,0.232926,0.958604,0.803516,0.910774,0.00011646,0.7000,635.4
96,0.888711,0.974093,0.223660,0.960080,0.814487,0.914407,0.00011483,0.7000,646.0
97,0.887900,0.974435,0.216737,0.961271,0.823214,0.919325,0.00011319,0.7000,646.5
98,0.887141,0.974527,0.236922,0.958458,0.810622,0.909184,0.00011155,0.7000,638.3
99,0.885707,0.975151,0.242074,0.957397,0.805012,0.908976,0.00010990,0.7000,635.2
100,0.883702,0.975584,0.222712,0.960090,0.811121,0.915727,0.00010826,0.7000,643.3
101,0.895135,0.972673,0.212936,0.960966,0.821967,0.917952,0.00010661,0.5000,646.7
102,0.893905,0.972869,0.225009,0.959795,0.814113,0.912260,0.00010496,0.5000,640.6
103,0.891627,0.973570,0.209154,0.962903,0.829198,0.920272,0.00010331,0.5000,635.3
104,0.890172,0.973887,0.224581,0.959354,0.810373,0.912834,0.00010165,0.5000,637.6
105,0.888926,0.974420,0.218859,0.960495,0.811245,0.913798,0.00010000,0.5000,647.5
106,0.889013,0.974338,0.208104,0.962589,0.821344,0.922627,0.00009835,0.5000,644.8
107,0.888202,0.974494,0.216336,0.961996,0.823214,0.917995,0.00009669,0.5000,639.5
108,0.887727,0.974665,0.207250,0.962933,0.823089,0.922375,0.00009504,0.5000,639.3
109,0.885384,0.975367,0.219329,0.961045,0.817479,0.915788,0.00009339,0.5000,647.2
110,0.885512,0.975300,0.232043,0.958942,0.810622,0.908028,0.00009174,0.5000,644.5
111,0.883670,0.975893,0.222451,0.960752,0.820721,0.915267,0.00009010,0.5000,644.8
112,0.883948,0.975805,0.219397,0.961658,0.820222,0.919455,0.00008845,0.5000,768.5
113,0.882030,0.976352,0.215446,0.962462,0.823837,0.918143,0.00008681,0.5000,741.0
114,0.882230,0.976326,0.208165,0.963280,0.829448,0.922983,0.00008517,0.5000,816.4
115,0.880036,0.976925,0.207492,0.963947,0.829697,0.922671,0.00008354,0.5000,651.7
116,0.879661,0.977159,0.210870,0.962947,0.826082,0.921454,0.00008191,0.5000,640.6
117,0.877781,0.977676,0.206889,0.963991,0.826954,0.924687,0.00008029,0.5000,658.1
118,0.878099,0.977364,0.228573,0.960084,0.809500,0.911904,0.00007867,0.5000,644.5
119,0.877097,0.977772,0.220616,0.961507,0.821718,0.917022,0.00007706,0.5000,635.8
120,0.875733,0.978182,0.200675,0.964822,0.830196,0.926885,0.00007545,0.5000,644.3
121,0.876829,0.977824,0.225175,0.960917,0.820970,0.915953,0.00007385,0.5000,658.6
