epoch,train_loss,train_tok_acc,val_loss,val_tok_acc,val_seq_acc_greedy,val_tok_acc_greedy,lr,tf_ratio,time
1,3.823181,0.185103,4.006722,0.116602,0.000000,0.071669,0.00020000,0.7000,197.8
2,3.189269,0.334976,4.032026,0.108330,0.000000,0.081956,0.00040000,0.6930,166.7
3,2.985592,0.388150,3.843415,0.139514,0.000822,0.093657,0.00060000,0.6861,169.3
4,2.825656,0.428905,3.862411,0.180868,0.001645,0.160646,0.00080000,0.6792,172.9
5,2.705709,0.459924,3.669984,0.208119,0.002467,0.169714,0.00100000,0.6724,172.9
6,2.602888,0.486267,3.614282,0.238708,0.004112,0.213934,0.00099988,0.6657,168.3
7,2.502530,0.515172,3.491438,0.265126,0.007401,0.236312,0.00099953,0.6590,167.4
8,2.405618,0.542163,3.227937,0.304650,0.032072,0.264248,0.00099894,0.6524,162.4
9,2.323730,0.567392,3.151423,0.336770,0.058388,0.298669,0.00099812,0.6459,161.0
10,2.263144,0.585256,2.955820,0.373604,0.064145,0.346058,0.00099707,0.6395,163.4
11,2.179250,0.609703,2.713867,0.403983,0.091283,0.375067,0.00099578,0.6331,169.5
12,2.098817,0.634572,2.610025,0.448093,0.119243,0.412998,0.00099426,0.6267,170.8
13,2.028051,0.655229,2.427960,0.488480,0.162829,0.460241,0.00099251,0.6205,170.1
14,1.982073,0.670684,2.315198,0.520028,0.180099,0.500756,0.00099052,0.6143,169.1
15,1.917747,0.689590,2.097999,0.562429,0.244243,0.544342,0.00098831,0.6081,167.3
16,1.884489,0.700345,1.992512,0.591724,0.266447,0.571547,0.00098587,0.6020,241.4
17,1.814955,0.720630,1.951299,0.607824,0.295230,0.588172,0.00098320,0.5960,248.1
18,1.777534,0.732482,1.832925,0.630811,0.324013,0.612257,0.00098030,0.5901,191.0
19,1.734266,0.745681,1.675884,0.644236,0.343750,0.619229,0.00097717,0.5842,174.6
20,1.711974,0.752763,1.591531,0.668359,0.380757,0.650724,0.00097383,0.5783,179.5
21,1.672786,0.764419,1.525837,0.678113,0.379112,0.661986,0.00097026,0.5725,180.5
22,1.645308,0.773228,1.529602,0.688629,0.402961,0.674126,0.00096647,0.5668,179.1
23,1.621047,0.780764,1.461406,0.696426,0.430921,0.679977,0.00096246,0.5611,181.7
epoch,train_loss,train_tok_acc,val_loss,val_tok_acc,val_seq_acc_greedy,val_tok_acc_greedy,lr,tf_ratio,time
1,3.823917,0.184004,3.944488,0.116343,0.000000,0.068061,0.00020000,0.7000,227.4
2,3.190955,0.335300,3.976009,0.108753,0.000000,0.075910,0.00040000,0.6930,204.4
3,2.983245,0.388603,3.854498,0.145512,0.001645,0.097557,0.00060000,0.6861,180.8
4,2.824635,0.428571,3.842191,0.187379,0.002467,0.171079,0.00080000,0.6792,169.6
5,2.698706,0.461593,3.532525,0.226851,0.000822,0.201160,0.00100000,0.6724,167.5
6,2.595955,0.487634,3.582147,0.245795,0.008224,0.221930,0.00099988,0.6657,166.5
7,2.496910,0.515313,3.410078,0.286066,0.013158,0.255911,0.00099953,0.6590,165.6
8,2.398507,0.543102,3.235077,0.307116,0.023026,0.278728,0.00099894,0.6524,166.7
9,2.301117,0.573148,3.047658,0.353602,0.057566,0.322315,0.00099812,0.6459,168.7
10,2.238507,0.592374,2.930767,0.382693,0.065789,0.359222,0.00099707,0.6395,166.3
11,2.155716,0.616416,2.685046,0.413037,0.093750,0.385695,0.00099578,0.6331,165.7
12,2.085812,0.637132,2.485463,0.476076,0.152138,0.452830,0.00099426,0.6267,165.8
13,2.017915,0.658592,2.375838,0.486745,0.177632,0.452391,0.00099251,0.6205,166.2
14,1.963889,0.674820,2.283158,0.523759,0.194901,0.505290,0.00099052,0.6143,166.0
15,1.906200,0.694565,2.130843,0.559747,0.236020,0.539369,0.00098831,0.6081,167.0
16,1.865587,0.705553,2.029717,0.588457,0.276316,0.565258,0.00098587,0.6020,166.5
17,1.814760,0.720650,1.907952,0.606116,0.311678,0.586856,0.00098320,0.5960,167.5
18,1.759492,0.738537,1.791463,0.628968,0.331414,0.604456,0.00098030,0.5901,166.0
19,1.729830,0.746846,1.758763,0.637055,0.333882,0.611233,0.00097717,0.5842,165.0
20,1.695917,0.757491,1.589252,0.683558,0.392270,0.671445,0.00097383,0.5783,166.2
21,1.660236,0.768300,1.554550,0.679113,0.385691,0.664083,0.00097026,0.5725,167.2
22,1.632243,0.777367,1.588545,0.683989,0.409539,0.661596,0.00096647,0.5668,166.1
23,1.611729,0.783465,1.478817,0.697742,0.429276,0.683292,0.00096246,0.5611,166.3
24,1.591768,0.789591,1.396754,0.713123,0.433388,0.699625,0.00095823,0.5555,165.9
25,1.579172,0.794059,1.464579,0.697936,0.439967,0.679294,0.00095379,0.5500,165.2
26,1.549289,0.801207,1.373408,0.721392,0.462993,0.707620,0.00094913,0.5445,165.2
27,1.527621,0.808675,1.350774,0.729768,0.476151,0.715080,0.00094427,0.5390,165.0
28,1.514549,0.812525,1.299275,0.740544,0.479441,0.731364,0.00093919,0.5336,165.6
29,1.499769,0.815636,1.219531,0.749372,0.500000,0.738969,0.00093391,0.5283,166.2
30,1.490457,0.819932,1.198187,0.751520,0.497533,0.741310,0.00092843,0.5230,165.5
31,1.479748,0.822570,1.208416,0.754366,0.512336,0.743406,0.00092274,0.5178,164.6
32,1.450784,0.830898,1.226697,0.748841,0.504934,0.734094,0.00091686,0.5126,165.8
33,1.455476,0.829566,1.187607,0.765525,0.520559,0.753839,0.00091078,0.5075,165.4
34,1.439827,0.833910,1.089174,0.777148,0.535362,0.764907,0.00090451,0.5024,166.6
35,1.426175,0.838618,1.093989,0.775482,0.544408,0.764809,0.00089805,0.4974,165.6
36,1.402287,0.843899,1.153385,0.771993,0.531250,0.761933,0.00089140,0.4924,165.7
37,1.399449,0.845001,1.075543,0.784016,0.563322,0.772610,0.00088457,0.4875,174.0
38,1.396597,0.845955,1.058773,0.781847,0.554276,0.772951,0.00087755,0.4826,211.3
39,1.398322,0.846083,1.044874,0.787654,0.555099,0.778899,0.00087036,0.4778,221.0
40,1.377955,0.851933,1.049894,0.788649,0.567434,0.778363,0.00086300,0.4730,219.4
41,1.366328,0.854376,1.067746,0.784697,0.555921,0.773975,0.00085546,0.4683,220.7
42,1.357417,0.857221,0.969904,0.807249,0.574013,0.800546,0.00084776,0.4636,202.1
43,1.356876,0.857298,0.969375,0.803678,0.562500,0.796646,0.00083990,0.4590,206.1
44,1.343893,0.860367,0.959647,0.804024,0.592105,0.795573,0.00083187,0.4544,214.7
45,1.324702,0.866288,1.030367,0.796931,0.580592,0.787236,0.00082369,0.4498,213.5
46,1.343241,0.860077,1.082011,0.783875,0.579770,0.772902,0.00081536,0.4453,201.0
47,1.328118,0.865620,0.967703,0.804027,0.580592,0.798937,0.00080688,0.4409,207.3
48,1.317237,0.868385,0.967938,0.806919,0.585526,0.798206,0.00079826,0.4365,218.4
49,1.320038,0.867464,0.990567,0.800818,0.587171,0.790210,0.00078949,0.4321,219.4
50,1.307686,0.870343,0.935856,0.813619,0.609375,0.803910,0.00078059,0.4278,213.1
51,1.294051,0.874418,0.925681,0.811262,0.605263,0.803130,0.00077156,0.4235,186.2
52,1.298351,0.873323,0.926364,0.815686,0.603618,0.808639,0.00076240,0.4193,171.5
53,1.292917,0.874642,0.920847,0.813498,0.615954,0.805031,0.00075312,0.4151,171.8
54,1.289781,0.875423,0.886722,0.823251,0.618421,0.814782,0.00074372,0.4109,171.7
55,1.272000,0.880660,0.886882,0.819696,0.611020,0.814587,0.00073420,0.4068,170.7
56,1.272718,0.880079,0.918172,0.817177,0.615132,0.808883,0.00072458,0.4027,171.1
57,1.272994,0.880361,0.831420,0.830011,0.616776,0.824046,0.00071485,0.4000,172.4
58,1.251274,0.885779,0.936232,0.813351,0.610197,0.804739,0.00070502,0.4000,171.2
59,1.261529,0.883634,0.894936,0.823217,0.618421,0.813953,0.00069509,0.4000,171.1
60,1.243334,0.888793,0.894230,0.824053,0.627467,0.817756,0.00068507,0.4000,157.9
61,1.247279,0.887209,0.890186,0.824574,0.614309,0.817708,0.00067496,0.4000,156.4
62,1.234065,0.891430,0.858106,0.830920,0.631579,0.823558,0.00066477,0.4000,158.7
63,1.224422,0.892888,0.896182,0.825418,0.627467,0.818634,0.00065451,0.4000,160.0
64,1.229685,0.892191,0.819283,0.837167,0.622533,0.832188,0.00064417,0.4000,160.9
65,1.214279,0.895921,0.808606,0.841071,0.636513,0.834479,0.00063376,0.4000,157.6
66,1.200450,0.900038,0.859151,0.835003,0.636513,0.826630,0.00062330,0.4000,157.9
67,1.206436,0.898245,0.866595,0.832814,0.627467,0.825655,0.00061277,0.4000,158.5
68,1.203695,0.899861,0.872035,0.833395,0.634046,0.824826,0.00060219,0.4000,159.7
69,1.198223,0.900582,0.853592,0.834443,0.637336,0.826093,0.00059156,0.4000,159.0
70,1.176652,0.906511,0.852192,0.833630,0.630757,0.827800,0.00058089,0.4000,159.9
71,1.174818,0.907247,0.896710,0.827574,0.629934,0.818049,0.00057018,0.4000,158.8
72,1.175753,0.906496,0.818134,0.843957,0.646382,0.836868,0.00055944,0.4000,157.9
73,1.166339,0.909098,0.830822,0.839377,0.638158,0.831603,0.00054867,0.4000,155.4
74,1.159717,0.911410,0.828331,0.841818,0.639803,0.835649,0.00053788,0.4000,168.5
75,1.145864,0.916411,0.809695,0.846061,0.639803,0.836722,0.00052707,0.4000,175.4
76,1.147062,0.914788,0.851227,0.836405,0.641447,0.829262,0.00051625,0.4000,171.6
77,1.141579,0.915903,0.880161,0.833649,0.643914,0.828043,0.00050542,0.4000,174.3
78,1.144353,0.915483,0.893632,0.831098,0.632401,0.822339,0.00049458,0.4000,177.0
79,1.129938,0.919588,0.824547,0.845817,0.645559,0.838672,0.00048375,0.4000,174.3
80,1.127750,0.920171,0.797472,0.851314,0.662829,0.843840,0.00047293,0.4000,175.9
81,1.127747,0.920003,0.826462,0.847550,0.655428,0.841256,0.00046212,0.4000,174.5
82,1.119588,0.922558,0.861321,0.841793,0.648026,0.832041,0.00045133,0.4000,173.6
83,1.119199,0.922312,0.778484,0.853184,0.655428,0.848862,0.00044056,0.4000,176.9
84,1.109743,0.924550,0.799334,0.850323,0.670230,0.843352,0.00042982,0.4000,178.4
85,1.112496,0.924044,0.764099,0.852971,0.653783,0.846278,0.00041911,0.4000,175.2
86,1.101433,0.927184,0.815691,0.846729,0.654605,0.840622,0.00040844,0.4000,178.0
87,1.104430,0.926714,0.767875,0.857844,0.674342,0.852226,0.00039781,0.4000,174.8
88,1.093279,0.929608,0.796219,0.851270,0.662007,0.845595,0.00038723,0.4000,177.4
89,1.089261,0.930482,0.795318,0.851125,0.660362,0.843109,0.00037670,0.4000,178.3
90,1.078412,0.934098,0.805196,0.850773,0.662829,0.844132,0.00036624,0.4000,176.1
91,1.082846,0.932557,0.766753,0.854794,0.665296,0.847350,0.00035583,0.4000,177.1
92,1.075007,0.934709,0.807622,0.850007,0.663651,0.843450,0.00034549,0.4000,176.5
93,1.070049,0.936531,0.778200,0.857932,0.673520,0.850568,0.00033523,0.4000,177.6
94,1.059893,0.938918,0.786259,0.856776,0.666118,0.849349,0.00032504,0.4000,178.4
95,1.063278,0.938477,0.806931,0.854227,0.659539,0.847643,0.00031493,0.4000,182.8
96,1.060680,0.938406,0.820476,0.853095,0.666118,0.846131,0.00030491,0.4000,179.5
97,1.055160,0.940471,0.798422,0.857298,0.670230,0.851251,0.00029498,0.4000,178.2
98,1.050661,0.941710,0.739959,0.864588,0.671875,0.857832,0.00028515,0.4000,178.0
99,1.057650,0.939694,0.816203,0.852477,0.676809,0.845205,0.00027542,0.4000,176.9
100,1.041675,0.943487,0.761392,0.863055,0.683388,0.856028,0.00026580,0.4000,174.4
101,1.039317,0.944974,0.798743,0.854697,0.680921,0.848277,0.00025628,0.4000,174.9
102,1.038926,0.944388,0.743505,0.864675,0.678454,0.858661,0.00024688,0.4000,175.1
103,1.033747,0.946293,0.800900,0.856240,0.684211,0.850568,0.00023760,0.4000,173.5
104,1.033089,0.946422,0.785534,0.858505,0.686678,0.851982,0.00022844,0.4000,176.5
105,1.034143,0.946009,0.773586,0.861101,0.687500,0.855492,0.00021941,0.4000,177.5
106,1.024733,0.948803,0.748863,0.865187,0.687500,0.859880,0.00021051,0.4000,178.2
107,1.021931,0.949782,0.787901,0.858681,0.685855,0.854615,0.00020174,0.4000,181.1
108,1.017567,0.950995,0.746957,0.866177,0.689145,0.862123,0.00019312,0.4000,183.7
109,1.010307,0.952705,0.741735,0.867116,0.684211,0.862172,0.00018464,0.4000,185.0
110,1.009072,0.953320,0.767812,0.861530,0.684211,0.856126,0.00017631,0.4000,183.5
111,1.010198,0.952925,0.738609,0.868459,0.683388,0.862854,0.00016813,0.4000,176.2
112,1.015790,0.951171,0.730798,0.870658,0.691612,0.865389,0.00016010,0.4000,175.8
113,1.004046,0.954441,0.734935,0.867986,0.689967,0.862903,0.00015224,0.4000,168.1
114,1.007001,0.953633,0.752175,0.864857,0.686678,0.858856,0.00014454,0.4000,178.4
115,0.996030,0.957008,0.757893,0.866558,0.689145,0.860904,0.00013700,0.4000,179.6
116,1.003861,0.954619,0.785570,0.862201,0.693257,0.856760,0.00012964,0.4000,178.9
117,0.994969,0.956878,0.739316,0.870146,0.699013,0.864512,0.00012245,0.4000,180.2
118,0.994755,0.956512,0.772785,0.865659,0.702303,0.860416,0.00011543,0.4000,176.6
119,0.994802,0.956352,0.764375,0.864173,0.686678,0.858564,0.00010860,0.4000,178.0
120,0.988206,0.958685,0.758050,0.867135,0.694901,0.861050,0.00010195,0.4000,167.5
121,0.988499,0.958393,0.759730,0.868601,0.690789,0.862659,0.00009549,0.4000,165.0
122,0.987937,0.958453,0.754278,0.865049,0.688322,0.859539,0.00008922,0.4000,166.0
123,0.987842,0.959298,0.744631,0.868451,0.700658,0.861830,0.00008314,0.4000,164.4
124,0.983418,0.960208,0.764891,0.865920,0.700658,0.859539,0.00007726,0.4000,163.7
125,0.978515,0.961502,0.758713,0.868703,0.696546,0.862854,0.00007157,0.4000,164.8
126,0.977563,0.961900,0.810604,0.859667,0.697368,0.854225,0.00006609,0.4000,164.7
127,0.982707,0.959923,0.741939,0.871781,0.704770,0.865779,0.00006081,0.4000,165.0
128,0.982021,0.960277,0.783019,0.863416,0.692434,0.858564,0.00005573,0.4000,165.7
129,0.982185,0.960312,0.743718,0.869246,0.700658,0.863537,0.00005087,0.4000,166.2
130,0.975865,0.961722,0.771157,0.866130,0.703125,0.860660,0.00004621,0.4000,166.5
131,0.980374,0.961503,0.800501,0.860851,0.699013,0.855346,0.00004177,0.4000,165.5
132,0.974728,0.962719,0.764961,0.867374,0.694079,0.861391,0.00003754,0.4000,163.8
133,0.973106,0.963264,0.792837,0.862801,0.699013,0.857150,0.00003353,0.4000,164.4
134,0.972318,0.963342,0.787234,0.863415,0.699013,0.858710,0.00002974,0.4000,164.5
135,0.974973,0.962256,0.798175,0.861500,0.698191,0.854810,0.00002617,0.4000,166.6
136,0.969041,0.963973,0.793122,0.863081,0.697368,0.855687,0.00002283,0.4000,165.4
137,0.966640,0.964983,0.795070,0.862266,0.697368,0.856321,0.00001970,0.4000,164.8
138,0.967394,0.964716,0.781204,0.864708,0.700658,0.857832,0.00001680,0.4000,164.4
139,0.965064,0.964690,0.799342,0.862465,0.699013,0.856565,0.00001413,0.4000,166.9
140,0.965608,0.965224,0.785488,0.864530,0.702303,0.858271,0.00001169,0.4000,166.0
141,0.960045,0.966610,0.786805,0.865123,0.703947,0.859246,0.00000948,0.4000,164.4
142,0.967600,0.964317,0.777570,0.867382,0.705592,0.861830,0.00000749,0.4000,165.8
143,0.968035,0.964015,0.771046,0.867419,0.703947,0.861538,0.00000574,0.4000,164.6
144,0.965817,0.965134,0.784188,0.865149,0.702303,0.858905,0.00000422,0.4000,164.7
145,0.964974,0.965123,0.776139,0.867171,0.704770,0.861196,0.00000293,0.4000,164.8
146,0.964624,0.965526,0.791657,0.863618,0.701480,0.858612,0.00000188,0.4000,164.4
147,0.966978,0.964724,0.790700,0.864446,0.701480,0.858125,0.00000106,0.4000,158.7
148,0.960841,0.966125,0.783499,0.865817,0.700658,0.859978,0.00000100,0.4000,152.2
149,0.966524,0.964387,0.792871,0.864066,0.702303,0.858466,0.00000100,0.4000,155.5
150,0.970483,0.963213,0.781184,0.865790,0.702303,0.859929,0.00000100,0.4000,155.5
